Label,Tweets
2, اربد فيها جامعات اكثر من عمان ... وفيها قد عمان ونص لعيبه المنتخب منها ... و 80 % من مطربين الاردن منها
1, الحلو انكم بتحكوا على اساس انو الاردن ما فيه فساد سرقات
2, كله رائع بجد ربنا يكرمك
1, لسانك قذر يا قمامه
1,​انا داشره وغير متزوجه ولدي علاقات مشبوه واحشش واحيانا اهرب مخدرات و اجيد التسليك احب ان انكب نفسي وعلاقتي بالمنزل متوتره جد
2,ابشرك فيه تحسن ولله الحمد باذن الله يرجع قريبا
1,ابو الشباب راعي العود ليش ماوزنه في البيت غباء
1,ابو معيتق قطع اوتار العود وقال السلام عليكم
2,اتحزن فان الله يدافع عنك والملائكه تستغفر لك و المؤمنون يشركونك في دعائهم كل صلاه  و النبي صلى الله عليه سلم يشفع و القران يعدك وعدا حسنا  و فوق هذا رحمه ارحم الراحمين
2,اترك ما تهوى لاجل من تخشى
1,اتصور لو ظليت ما اتعلق احسن لانه تعليقاتك مقرفه
1,اتفه على هيك برنامج عالمي
1,اتقوا الله فينا بكفي رفع اسعار الرواتب بالحضيض
1,اجتماع حواء اكيد في خرفنه 
1,اجل الاخير واضح انو بيمثل وتمثيلو خام هو والا معو
2,احب الله تعالى و رسوله الكريم
1,احتمال ما يشارك الليو البايخ
1,احذفه لاني بجلس احش فيهم لمين اكفر
1,احس انه يفطر حشيش
2,احسن اظن بالله وتوكل عليه وحده
2,احسن شيء العمل الذي يؤدي للاستمراريه
2,احسنت  وصفت ما يدور او يجول في راس كل شاب ملتزم كل فتاه عفيفه نقيه تقيه
2,احسنت كلام دقيق جدا
2,احسنوا الظن وثقوا بما عند الله وتوكلوا عليه لا تفسد عقلك بالتشاؤم 
1,احقر من هيك خيانه ما في
2,احلى اشي الواحد يوكل بدون ما يطبخ
2,احلى اشي في الحياه الاستقرار مع زوج صالح
2,احلى شىء النهايه الباقيه صح كلامك
2,احلى صباح من احلى شيخ في العالم
1,احمد الله تعالى ان اولادي لايدرسون في مدارس الاردن.
2,احيانا الوحده تزيل بعضا من الهموم
2,احيانا يكون الفشل دافع للنجاح
1,اخ يا بطني عورني من الضحكك
1,اخبار مسخره
1,اخر همي اني اتناقش مع اي كائن حي اواتجادل بذات اذاكان عقيم فكريا
1,اخر واحد اش فيه مجنون المفرووض اللجنه تمنع المجانين
1,اخر واحد مهستر
1,اخرس صحيح ما تفهم
2,ادعي من الله ان يقوني علي طاعته
2,اذا اردت ان يفتح الله عليك فالزم هذا الدعاء البسيط  اللهم اجعل اﻷخره همي 
2,اذا استعنت بالله وتوكلت عليه ونيتك كانت صادقه سوف يقف الله بجوارك ولن يخزلك ابدا ?احبك ربى
1,اذا الخبر صحيح انا اول شخص بطالب بالهجره لاي دوله خليجيه او اوروبيه او حتى اسرائيل
2,اذا شعرت بشيء من حالات الاحباط والملل فجرّب العمل التطوعي
2,اذا غلبك امر وعجزت عن التعامل معه فكرر يا حي يا قيوم برحمتك استغيث
1,"اذا فكرت مره تخسر اصحابك يا ليت تخسّرهم على احد يستاهل، صح الحياه تعطيك ميه حُب بس الحياه ما تهديك اصّحاب مرتيّن"
1,اذا كان المدير يخاف من معلم مبدع وكان زملاء العمل يحاربون هذا المعلم فهم في الحقيقه ينتقصون من حظ طلابه
1,اذا كان حالك احسن من حالو دوس لايك وقول سبحان الله
1,"اذا كنّا بالفعل على موعد مع رفع لاسعار الخبز كما يشاع، فالاولى بالحكومه اولا ان تقوم بترشيد الدعم بحيث يذهب فقط لمن يستحقه!"
2,اذا لم تقل لا للظلم فسيستمر الى الابد
1,اذا مرتك بتعمل هيك يا ادمن لا تفكر كل الرجال مثلك تفي عليك
2,ارجوك يا استاذنا الفاضل ادعيلي بالنجاح في مسابقه المجستير العام القادم والشفاء بارك الله فيك
1,ارحمونا صرنا نصف السياره نطلع بالباص حرام عليكم
1,ارحمونا من الجوكر
2,اساس الاصلاح واهم مرتكزاته المعلم داخل غرفه الصف مع طلابه وتلاميذه والاعتماد عليه بالتنفيذ لخطط واستراتيجيات عليا
2,اسال الله ان يرزقني من يدعو لي في ظهر الغيب
2,اسال الله عزوجل له الثبات
2,اسال الله في علاه ان يحفظكم بما يحفظ به عباده الصالحون
2,اسال الله لك الاخلاص يا حبيبنا و اشتاق والله للصلاه معكم واسال الكريم ان يعيدكم الى منبركم كل عام وانت في خير وبخير
2,اسال من بيده ملكوت السماوات والارض ان ييسر لكم اموركم ويرفع قدركم ويعلي شانكم ويبارك لكم فيما اعطاكم ويصرف عنكم ما اذاكم
2,استاذ عمرو يا ريت شويه تركيز على اخوتنا في بورما انهم يتعرضوا لحرب  حقيقيه
1,استاذ غاوي غاوي اذا كنت غاوي المسخره روح اشتغل كراكوز
1,استخفف من لجنه التحكيم
2,استعينوا بالله يا مسلمين
1,استغفر الله مجانين يروحون سوبر ستار
1,استهبال باستهبال
2,استودعكم الله الذي لا تضيع ودائعه
1,اسخف لجنه تحكيم شفتها بحياتي
1,اسعار البنزين مرتفعه في المملكه الاردنيه الهاشميه والشعب اغلبه فقير وماشيه الحياه بدون اي مشاكل لكن اللي يقهرك ان الاردن لا تنتج البنزين
2,اسعد الله صباحكم علامتنا بالخيرات
1,اسفل من بعضهم
1,اسوء شعور لما تتاسف و تندم على شيء ما سويته لما كانت الفرصه متاحه امامك.
2,اسوء شيء ان تكذب لانك ستبدا سلسله لا نهايه لها من الاكاذيب في النهايه ستكشف
1,اسوا شعب الله في الكوميديا
2,اشتقت لمكه و لرائحه مكه و للصلاه في مكه اللهم ارزقني انا و كل من اشتاق الى مكه بزياره عاجلا غير اجل
2,اشداء على الكفار رحماء بينهم
1,اشرب من كاس المر
2,اشهد الله اني احبك فى الله ادعوا ان نحشر مع حبيبنا امامنا محمد صلى الله عليه سلم فى الجنه امين
1,اشي بقهر مش لا هل درجه
2,اصبحنا اصبح الملك لله اللهم لك الحمد احييتنا بعد ما متنا اليك النشور
2,اصدقاء اوفياء ونتعلم منهم
1,اصلا ابو وديع لو كان اجا كان خسر
1,"اصلا المغتربين ماعاد بدهم جامعات الاردن، عل فكره في دول ثانيه وجامعات ثانيه اقوى، خليها للذنيبات"
1,اصلا سوبر ستار للعاهات
1,اصلا كتير من البنات بدهن يحكن مع الشباب
1,اصلا هدا يمسى مرض الرهاب الاجتماعي
1,اصلن صاحب البرنامج ماخذ شباب الامه مصخره
1,اصواتهم مع التوتر خربت
2,اضحك امام كل الناس لتسرهم تجبر خواطرهم فتبسمك في وجوههم صدقه
2,اضحك تضحكلك الدني
2,اضحك وفرفش لكن  بحب واداب اعرف حدود المزح واعرف محله
1,اطالب برحيل هذه الحكومه
2,اطفال اليوم رجال الغد ومستقبل الامه
2,اطمئن يا قلبى فرزقى لا ياخذه غيرى
1,اظن انهم حبو وانجرحوا وضاعت عقولهم وما دخل قلوبهم الا اغاني الجروح عشان كذا حافظينها وجايين يقولونها اللهم لاشماته
1,اعطيه علي راسي هدا الصح ياحاجه الله اكبر
1,اعلن الانسحاب يا حمار
2,اعمل ليومك غدك كن متفائلا دائما يا صاحبي
2,اعنكم الله تقبل منكم يسر طريقكم
1,اغرورقت عيناي بالدموع
2,افتخر اني مسلم نعمه من نعم ربي
2,افشو السلام بينكم
2,افعال لا تضاهيها اقوال
1,افلام الرعب تاثر على اطفالنا
1,اقترح تحويلهم الى طبيب نفسي ليس الى القضاء
1,اقرفني شعر تقول حاط دبر امل وجاي
1,اقرفني والله
1,اقسم بالله ان العرب اكثر الشعوب تخلفا
1,اقسم بالله انه منتهيي
1,اقسم بالله قرف المريض نفسيا للابد يبقى مريض نفسيا
1,اقطع راسها وخلص
1,اقل من عادي هذا مستواك اقلب وجهك
1,اكاديمي اللي خلفت عاهات للفن المعاق حاليا فيزيدون الطين بله
2,اكبر مشروع طاقه شمسيه بالعالم...في الاردن اسمه شمس معان..حفظ الله الاردن
1,"اكبر مشكله تواجهكك في الاردن ؛ اذا طلعت من الدار شبعان ، بتعرفش وين تروح"
1,اكثر بني ادم يعاني في الحياه هو المغترب بين الاردن والسعوديه لا اللي هنا فاهين عليه ولا اللي هناك والكل ما بحبو
2,اكرمك الله يا استاذي الفاضل
2,اكيد الله لا يحرمنا من هالنعمه العظيمه
1,اكيد بقرف
2,اكيد جزاك الله خيرا
1,اكيد حياتي ما في حدا بشبهك لو في كان نتحرت زمان
2,اكيد طبعا حب ربنا احسن من حب اي حد وانا فعلا عملت كدا
1,اكيد لا في عندك ناس بتفهم ووفي ناس عند الاجانب ما بتفهم
2,اكيد ماحدا بيقدر يارب اعن الفقراء واعنا مساعدتهم
1,"الاْردن تعدّل المناهج: تقليصا في الاستشهاد بايات قرانيه واحاديث نبويه، وبدلا من ذلك تمّ اعتماد دروس اقرب الى اخلاق الحياه اليوميه للطالب"
1,الا لعنه الله على الشيعه الى يوم الدين
1,الا يكفي ان نسبه مرضى السرطان في الاردن اعلى نسبه عالميه بسبب مفاعل دايمونه الاسرائيلي بكل جهل نضعهه في بلدنا
2,الابتسامه كلمه طيبه بدون حروف
2,الاخلاص اللهم انا نسالك الاخلاص فى القول العمل السر العلن
1,الاردن كان افضل حالا بمئات المرات في التعليم و الصحه و الزراعه و الاستثمار ... التردي ليس مرتبط بالربيع العربي بل قبله بمده عام
2,الاردن كثير حلوه من كل النواحي.. طبيعه و معالم و اثار
1,الاردن لا تمتلك اي الخبرات الفنيه في انشاء او صيانه او تشغيل المفاعلات النوويه لاردن ليس لديها سوى شهادات دكتوراه في هذا المجال نظريه بحته ان انشاء مفاعل نووي يعنى مقامره كامله بمئات الملاييين المضحك في الموضوع ان بدايه المشروع ستكون انشاء مفاعل تجريبي او تعليمي يتبع لهيئه الطاقه النوويه اليس الاجدر بهكذا مفاعل ان يتبع لاحدى الجامعات علاوه على ان كل هيئه الطاقه تم انشاها رضوه لفلان وعلنتان الاولي يا ساده ان يتم طرح انشاء شركه للتنقيب عن اليورانيوم وبيعه لتصبح الاردن دوله مصدره لهذه الماده امر اخر كثر الحديث مؤخرا عن انه يوجد في الاردن بترول بكميات على الاقل تكفي استهلكنا المحلي
2,الاردن لديه الخبره في مجال اداره الموارد البشريه واستخدام هذه الامكانيات بافضل مايمكن لتوجيه اقتصاد الدوله
1,الاردن هذا الي كله فخر واعتزاز لمدح مشروع الطاقه الشمسيه في الديوان الملكي كيف شعوره لو المشروع طاقه نوويه ؟! شو علاقه الفخر والاعتزاز ؟!
2,الارواح جنود مجنده من تعارف منها اتلف ومن تنافر منها اختلف
1,الاسف  مافي اي حدا بتحمل الانتقاد 
2,الاسلام نعمه كبيره من عند ربنا لا تقدر بكنوز الدنيا كلها
2,الاسلام هو حسن الخلق الا تعرف بان الحبيب صلى الله عليه سلم لقب امينا قبل نزول الوحي
1,الاعتداءات على المعلمين والاطباء ... جرائم لا تقبل اي تبرير
2,الاكل زاكي كثير كثير
1,الانكسار من اسوء الاشياء
2,الاهم نكون صادقين مع نفسنا لنكون صادقين مع الاخرين
1,الباقيين سخافه سماجه
1,البرنامج الي بعد سوبر ستار الي يقلده دم ثقيل
1,البرنامج فاشل جدا
2,البسمه سر من اسرار الحياه
1,البقاء في الخيال دمار
1,البنزين يجي من السعوديه باقل الاسعار الحكومه عندنا تدبل سعره
2,البيت اللي فيه فرح سعاده دايما بكون متفائل سعيد بحاضره مستقبله
1,التخلف بعين امه وعين ابو في جامعات الاردن والزعرنه والفساد والفسق والعشق الممنوع
1,التطبيقات قليله بالمتجر ولازال امام مايكروسوفت عمل طويل للتغلب على هذه المشكله
2,التفائل حلو في الحياه بس الاهم تكون عايش مع ناس متفائلين مش تكون لحالك المتفائل
2,التنفس العميق يوفر علاج طبيعي للصداع 
2,الثقه بالله ثم النفس ويارب اجعلنا من يغير الناس الي ما ترضيه
2,"الجمال : ليس فقط شيئا نراه بل هو شيء نكتشفه ، روح جميله ، وفكر جميل ، اخلاق جميله ، وادب جميل"
2,"الجنه تحت اقدام الامهات , اللهم اجعل امهاتنا من نساء الجنه"
1,الجيل الي هيحرر فلسطين شوفه في سوريا يقاتل العلويين الكلاب لكن ربي يعلمهم فنون القتال ويربيهم
2,الحب الان بقى تيك اواى قليل اوى لما نلقى انسان مخلص فى حبه مع ان الحب ده اجمل واسما عاطفه فى الوجود
2,الحب الحقيقي عمله نادره فعلا وهو نعمه كبيره من الله عزوجل
2,الحب بين الزوجين اوسع ابواب السعاده
2,الحب في الله شيء جميل جدا
1,الحريه غاليه لن تجدها عند متسول اخواني ساذج لايملك منطق ولافكر
1,الحق عالحقير اللي نزل المنشور بجوز اهله لابسين منهم ولك لاتنزل اشي زي هيك يا 
1,الحق مش على لجنه التحكيم الحق على الاغبيه المشتركين
1,الحكم سيئ  
1,الحكومه قاعده بتخبص رايحين يدمروا البلد الله ينتقم منهم
2,الحل الوحيد حب الله ورسوله وطاعتهم
2,الحل الوحيد هو القرب من الله وذكره الا بذكر الله تطمئن القلوب قال الله تعالى
2,الحلال بين و الحرام بين واتقوا الله
2,الحمد الله على الاسلام يا رب اهدي كل من احب هذا الدين وكل من تردد في دخوله وارحمنا جميعا
2,الحمد انا متفائله جدا في كا امور حياتي ورح اضل هيك دائما
2,الحمد لله اصبح على وجهك المشرق كل يوم
2,الحمد لله اكسجين يعيد للصدر انفاسه ف تجدها الصوت السعيد الصوت المتئاكل من البكاء
2,الحمد لله الحمد لله الحمد لله حمدا شاكرا ففضلك ربي
2,الحمد لله الذى لا يُحمد على مكره سواه
2,الحمد لله الذي بنعمته تتم الصالحات حمدا غير منقطع
2,الحمد لله الذي رزقني بالاسلام
2,الحمد لله الذي نصرنا نصرا مبين
2,الحمد لله رب العالمين على عطاه رضا
2,الحمد لله على نعمه الاسلام وكفى يها نعمه
2,الحمد لله على نعمه التي لا تحصى الحمد لله الذي تكفل برزقي الحمد لله لانه رب يستحق الحمد على السراء الضراء
2,الحمد لله على نعمه العقل و سعه الفهم و نضوج الفكر
2,الحمد لله كلما ارى ناس اسلموا تعم الفرحه في قلبي
2,الحمد لله ما اكرمك يا الله
2,الحمد لله نامل من الله ان يمن علينا بالهدايه
2,الحمدلله الذي هدانا لهذا وما كنا لنهتدي لوﻻ ان هدانا الله . ﻻ اله اﻻ الله محمد رسول الله
2,الحمدلله زادت ثقافتي لكثير من الاشياء وتنوعت المفاهيم لدي
2,الحمدلله على السلامه وماتشوف شر .. طهور وقدامك العافيه ان شاء الله
2,"الحمدلله على كل حال، الفرصه قائمه، والقادم اجمل"
2,الحمدلله من كل ضيق اسجد لله احس ان فى اعله مستوا وانسا واتذلل الى الله ليحمينى من فتن الدنيا واحسن منزلى فى الجنه
2,الحمدلله وربنا يجعلنا من المداومين عليها والخاشعين
1,الحياه مستمره سواء ضحكت ام بكيت
2,الخشوع احساس جميل جد امام الله القلب يحب الدمع صافي متعه بعد الصلاه راحه فائقه اتمنى لكل المسلمين هذا الخشوع
2,الخشوع امر مهم جــدا في الصلاه
2,الخشوع هو المرحله التاليه للتركيز والتركيز ياتى باطاله القراءه والتدبر واطاله الركوع والسجود
2,الدال على الخير كفاعله
2,الدعوه مش بالكلام بس ممكن نكون دعاه باخلاقنا اسلوبنا تعاملنا
1,الدول المتقدمه الان تتجه لستخدام الطاقه المتجدده لانها اقل كلفه وليس لها مخاطر على البيئه والانسان ونحن الان نعاني من ضائقه ماليه كبيره وشحه مياه شديده وكلنا يعلم مدى حاجه المفاعل للمياه اذكركم فقط بما حدث في اليابان وهي الدوله الاكثر تطور في مجال التكنولوجيا وهي عباره عن جزر وكذلك كم اثر علينا المفاعل النووي الاسرائيلي وحالات السرطان المنتشره ولو لاحظنا التشوهات الخلقيه الاكثر في جنوب البلاد
2,الدين عباره عن اخلاق وحسن التعامل مع الناس وتهذيب النفس قبل ما يكون مجموعه من العبادات !
2,الدين ليس بالمظاهر الدين المعامله حياء وادب واحترام وانتقاء للالفاض الطيبه
2,الذي طبعه رائع ما يمكن ان يتغير راح يبقه رائع
1,الراجل الابس ثوب عليه جاكيت شكله مسطول من جنوب السودان
2,الرائع سيظل رائعا حتى نهايه العمر
2,الروح و المال تفداك يا قلبي
1,الزعل بدايه الطريق للامراض
2,السعي وراء الرزق عباده و جهاد
1,السلام عليكم الحقيقه انا لا اعرف شو وقاحه هاي اللجنه المشترك يعطي ما عنده من مواهب هذا ما عنده وهم يعطون ما عندهمما
1,السهر احد مسببات مرض السكر
1,الشعب الذي اختار نواب خرجين سجون سوابق بستاهل اكثر من هيك مشان 50 دينار الله لا يرد هيك شعب
1,الشو اسمو ستار اكاديمي ولا المسخره عل العالم اكاديمي
2,الصادق ينتظر الفرج ولا يياس من روح الله
1,"الضغوط النفسيه لها تاثير في النهايه ، سمعت قصه عن اشخاص انتحروا بسبب تعليقات ساخره ضدهم."
1,الطاقه الشمسيه هي البديل وليست الطاقه النوويه
1,الظاهر انه جايين يستهبلون عالحكام بس
1,الظاهر اهلها مفقعين وجهها قبل ما تجي ومغطيه الفلعات
1,الظاهر عقلك تافه من اصحاب العقول المقفله
1,العالم العربي مليان عاهات
1,العاهات اللي عندهم ياناس روحو موتو اشرف
1,العجوز هذا والرجال الي بجنبه بله واغبياء وانهم يثبطون الواحد
1,العرب مو بتاع هي الشغلات لاكن نحن فاشلين الله معطينا كل متطلبات التحظر والتطور لاكن نحن لازقين بهلتفاهات ونضن انو هي التحظر
1,العرق كل شوي يزيد
1,العنصريه في الاردن لا تتوقف على كلمه اردني وفلسطيني وانما تتجاوزت ذلك الى تصنيف ابناء الوطن الواحد وفقا للعشيره وهذا اسوء حال وصلنا له
1,الغباء واضح
1,"الغرب فسق وعائلات مفككه والنساء عاهرات،المدارس تعلم الجنس للاطفال يشربون الكحول وياكلون لحم الخنزير ثم يقول: وجدت في الغرب اسلام بلا مسلمين"
1,الغلط مو من المشاركين الغلط من نفس البرنامج المفروض تكون فى مرحله فرز فى البدايه قبل لا يطلعو الهواء
1,الغموض لغه لا يتكلم بها الا من ذاق متاعب الدنيا
2,الف الف مبروك يستاهل والله يوفقكم
2,الف مبروك تخرج ابناء الظفير من الكليه العسكريه الملكيه من الاردن
1,الفاتحه علي ارواح الغلابه
1,الفاشل من يياس ويقف عند اول حاله رسوب
1,الفلاكا تجعل من يتناولها يعتقد انه زومبي واكل لحوم البشر ويبدا بالبحث عن دم ليشربه وظهرت في التسعينات في امريكيا ثم اختفت
1,الفن اصبح هابط هذه الايام
1,القتل نهايه الزوجه اللعوب
2,القدوه الحسنه خير من النصيحه
2,القلب الذي يؤمن بالله  لا يياس ابدا  لانه يسير نحو النور واﻷمل .. والحياه ..
1,الك يوم يا ظالم
2,الكرامه فوق كل شيء
1,الللجنه ما تنطاق
2,اللمه هي احلى اشي بالافراح
2,الله احفظ احبابي اصدقائي من الحسد الكيد الفتنه العين
2,الله اخترت اسم غالى على قلبى قوى ربنا يثبتك على دين الاسلام اخترت صح بجد
1,الله اكبر شو هيدا اكل الرجال
2,الله اكبر ما احلاكم وما اشجعكم
2,الله اكبر ما من دابتن الا على الله رزقه
2,الله اكبر والعزه للسلام
2,الله اكبر ولله الحمد مصر بخير فيها ناس كتير طيبين
2,الله اكرم الاكرمين اللهم اعنا على انفسنا واللهم ارضى عنك يارب العالمين
2,الله الكلام الجميل
2,الله الله الله يحفظك يا مملكه الانسانيه لم تقتصر مساعده السوريين في الاردن علي المعونات الغذاييه او الطبيه بل حتي شنط مدارس الاطفال بكل شي
2,الله الله على اخلاق الصحابه اصحاب رسول الله
2,الله الله عليك يا استاذ عمر بارك الله لك بارك عليك جزاك الله عنا خيرا كثير
2,الله المستعان على كل ظالم فليس باليد حيله غير ان نقول لا حول ولا قوه الا بالله
2,الله ايه الجمال ده سبحانك ربي
1,الله حيك شيخ ابراهيم بالفعل حكم يا نشمي
2,الله حيهم هالشباب انتوا القدوه
2,الله خيرا من الدنيا وماء فيها و ما عليها السلام عليكم ورحمه الله تعالى وبركاته اخواني واخواتي
1,الله على الظالمين
2,الله على الكلام يا رب اعينا
2,الله على دينا العظيم
2,الله عليك بجد رنا يهدينا كلنا ويهدي شباب المسلمين جميعا يارب العالمين
2,الله عليك يا شيخ تحفه
2,الله غلى المسلمين فى توادهم وتراحمهم
2,الله لا يحرم حدا من العائله الدافيه والذريه الصالحه
1,الله لا يخلف عليهم لا يكثر خيرهم فعلن شعب مسكين عبد الله النسور بطل رفع الاسعار
1,الله لا يرفعه من مكانه اللي برفع الاسعار
1,الله لا يشبعكو يا حراميه
1,الله لا يشبعكو يا ظلمه انشاء الله كلو بتلقو بالاخره يا ظلمه خافوالله طبعا اذا بتعرفوالله
1,الله لا يعطي العافيه ولا الصحه للاخوان المفلسين
2,الله لا يوفقكم محد يخاف علي من البرد
2,الله ما يحرمنا من كلماتك الحلوه يا شيخنا
1,الله وكيلك مشحطط اهل دابوق دير غبار عبدون منعم على الفقراء
2,الله يا ريت كنا في ذاك الزمن
2,الله ياريت يبقى فى اخلاق كده فى الوقت ده
2,الله يبارك فيك لانك غيرت في صاحبتي كتير وهي من المتؤثرين فيك وهي اللي عرفتني عليك
2,الله يبارك لنا فى ايامنا
2,الله يتقبل صلاتنا
2,الله يتمم افراح الجميع يا رب
2,الله يثبت قلبك على ديننا الاسلام
2,الله يثبتك ينور طريقنا
2,الله يثبته يا رب ويثبتنا نحن كمان
1,الله يجعل ابوك وامك من اهل النار اذا بتعيد هالحركه مره ثانيه
2,الله يحمي البلد من كل مخرب والله يعطيكي العافيه رجال الامن العين السهره على حمايه البلد من اصحاب النفس المريضه انتم النشامى
1,الله يخزيك
1,الله يخزيكم عند امن الوطن مافي سلطي ولا كركي ولا طفيلي الاردن فوق الجميع قالوا بنحبك يا وطن رد عليهم الوطن بغصه حبوا بعضكم اول
1,"الله يخلف علينا بس ، يقال لا فقر اكثر من الجهل ولا غنى افضل من العقل !!"
2,الله يرحم هلبلاد من الحراميه والمتسلقين على قوت الشعب لك الله ياشعبنا
2,الله يرحمنا برحمته
2,الله يرزقها كل مشتهي يا رب
1,الله يرفعهم الى جهنم جنب القذافي باسرع وقت لان الظلم زاد عن حده
2,الله يزيدك من العلم ما تنتفع به الامه
1,الله يسامحك حبيبتي افهمتيني غلط
2,الله يستر على بنات المسلمين جميعا
2,الله يسعد كل البشر امين يا رب
2,الله يسعدك يبعد عنك كل شر
2,الله يشافيك يعافيك من كل داء وهامه اخي سيد الوكيل
2,الله يصبحك برضاه
2,الله يعطيك الصحه العافيه
2,الله يفرح الكل ويجمع بين المتحابين على خير
1,الله يفضح امكم فضحتونا شو هالسخافه
2,الله يكتر من امثالك يارب
2,الله يكثر الافراح
1,الله يكون في عون الفقير الطبقه المتوسط سوف تنحدر اكثر اكثر
1,الله يلعن الي علمكم التطور يا متخلفين يا رجعيين
1,الله يلعن ام هيك نمر
1,الله يلعن امك وش ها القرف
1,الله يلعنك
1,الله يلعنكم يا اولاد الحرام الفن له اهله وناسه لا يحتاج لا مسابقه ولا زبي تفو
1,الله ينتقم منه حمزه منصور واعوانه حسبنا الله فيهم
1,الله ينتقم منهم اجمعين اللي في بالي
2,الله يهدي التائهين والضالين الى طريقه
2,الله يهدي الجميع للاسلام
2,الله يهدي النفوس ربي ابعث لنا في هذا اليوم فرح يغير ايامنا وينعش قلوبنا من جديد
1,الله يوخذكم
2,الله يوفقكم والله يجعلكم تفوزون كلكم معنا قولوا  امين 
2,اللهم ابعد عنى شهوات الدنيا وقربنى منك واغفر لى ولكل المومنين
2,اللهم اتم علينا مكارم الاخلاق
2,اللهم اجعل سريرتي خير من على نيتي اجعل على نيتي صالحه
2,اللهم اجعل لنا ايمانا صادقا قلبا خاشعا علما نافعا
2,اللهم اجعلنا دائما مسلمين صادقين في افكارنا في اعمالنا
2,اللهم اجعلنا ممن تنظر اليهم بحب اشتياق اجعلنا من عبادك التوابين المخلصين العابدين الحق لدينك احفظنا قنا نار وقودها الناس الحجاره يا رب
2,اللهم اجعلنا ممن ياخذون بالاسباب
2,اللهم اجعلنا ممن يعطي الامانه حقه
2,اللهم اجعلنا من اللذين يصلحون فى الارض ولا يفسدون
2,اللهم اجعلنا من يتمتعون بروح و ريحان و جنه النعيم من الرحمن صباحكم قطرات من ندى الازهار
2,اللهم اجعلنا منهم وارزقنا الطاقه ولاراده لزللك ياربى
2,اللهم اجعلنى خيرا مما يظنون اغفر لي ما لا يعلمون
2,اللهم اجعلني مقيم الصلاه من ذريتي
2,اللهم اجعلني من يتشرف به الاسلام
2,اللهم احسن خواتيم اعمالنا اجعل كل اوقاتنا طاعه
2,اللهم احفظني بحفظك حسبي الله لا قوه الا بك
2,اللهم احينا وامتنا على الاسلام وعلى كلمه لا اله الا الله
2,اللهم اذقنا حبا رائعا حلالا طاهر
2,اللهم ارزق ابناء المسلمين زوجات صالحات وبنات المسلمين ازواج صالحين
2,اللهم ارزقنا الاخلاص في القول العمل في السر العلن في الرخاء الشده في العافيه المرض عند الابتلاء
2,اللهم ارزقنا السلامه العافيه في ديننا دنيانا
2,اللهم ارزقنا الصحبه الصالحه
2,اللهم ارزقنا الصدق الاخلاص
2,اللهم ارزقنا الصدق في طلب الاخلاص والاخلاص في طلب الصدق واجمع لنا بينهما بعفوك وقدرتك يا الله
2,اللهم ارزقنا العمل الصالح الذريه الصالحه ارزقنا يا الله حسن الخاتمه
2,اللهم ارزقنا ان نكون مثلهم
2,اللهم ارزقنا رزقا حلالا تغننا به عن حرامك
2,اللهم ارزقنا فعل الخيرات وترك المنكرات
2,اللهم ارزقنا كما ترزق البغاث تسلميلي هنوده حلوه كثير الله يفتح عليكي يهدينا اياكي
2,اللهم ارزقنا من خيري الدنيا الاخره ارزقنا حسن الخاتمه ارزقنا الفردوس الاعلى مع من نحب ارزقنا لذه النظر الى وجهك الكريم
2,اللهم ارزقنا واياك الجنه
2,اللهم ارزقني حبك حب من احبك حب عمل يقربني لحبك
2,اللهم ارزقني كما ترزق البغاث
2,اللهم ارضنا بما قسمته لنا
2,اللهم ارضنا و ارضى علينا
2,اللهم ارنا الحق حقا ارزقنا اتباعه ارنا الباطل باطلا ارزقنا اجتنابه
1,اللهم ارنا فيهم عجيب صنعك فانهم اذلو الشعوب
2,اللهم استخدمنا في طاعتك
2,اللهم استرنا وجميع بنات المسلمين
2,اللهم اسمعنا خير هذا اليوم و ما بعده و افتح لنا ابواب رزقك و رحمتك
2,اللهم اصلح حال المسلمين اجعلهم من الرباتين حتى نحرج مما نحن فيه لانه ان خلصت النوايا صلحت الاعمال
2,اللهم اصلح حالنا وشاننا كله واجمع لنا خير الامور
2,اللهم اصلح حالي احفظني نور قلبي اجعل طريق الخير طريقي اجعل عملي خالصا لوجهك الكريم توب علي اغفر لي زلاتي
2,اللهم اصلح نفوسنا لما يرضيك عنها
2,اللهم اعز المسلمين
2,اللهم اعصمنا عن معصيتك
2,اللهم اعنا ترك كل ما لا ترضي
2,اللهم اعنا على انفسنا اجعلنا نرى الدنيا صغيره الاخره كبير
2,اللهم اعنا على ذكرك وشكرك وحسن عبادتك
2,اللهم اعنى على ترك المعاصى حبا فى نور وجهك
2,اللهم اعني على ذكرك شكرك حسن عبادتك
2,اللهم اغفر لنا انا كنا ظالمين ادخلنا الجنه سالمين
2,اللهم اغفر له وسع لك رحمتك له اصلح له ذريته
2,اللهم اغفر لى لامه المسلمين اجمعين
2,اللهم اغفر لي ما لا يعلمون اجعلني خيرا مما يظنون
2,اللهم اغننا بحلالك عن حرامك اغننا بفضلك عمن سواك
2,اللهم اكثر من امثالك يا دكتور عمروالله نفسنا تشرفنا فى مسجد الصديق بشرتون هليوبوليس
2,اللهم اكرمنا برضاك
2,اللهم اكفني بحلالك عن حرامك واغنني بفضلك عمن سواك يا رب
2,اللهم القلوب الضاله
2,اللهم امليء قلبي بحبك
2,اللهم ان كان رزقي بعيدا فقربه لي ان كان قريبا فيسره لي وان كان كثيرا فبارك لي فيه
2,اللهم ان كان لي عوض على صبري
2,اللهم انا نسالك رزقا حلال طيبا مباركا يعيننا علي طاعتك
1,اللهم انا نشكو اليك ضعف قوتنا قله حيلتنا حسبنا الله نعم الوكيل
2,اللهم انا نعوذ بك من الرياء النفاق
2,اللهم انا نعوذ بك من غضبك نساللك رضاك
2,اللهم انر قلوب المسلمين ايقظهم من غفلتهم
2,اللهم انزع من قلبى حب كل شىء لا تحبه
2,اللهم انزع من قلوبنا مالا يرضيك
2,اللهم انس قلوبنا بذكرك
2,اللهم انصر الاسلام واعز المسلمين
2,اللهم انك عفو تحب العفو فاعف عنا
2,اللهم انى اقسمت عليك بك ان تهدى شباب المسلمين وتنور قلوبهم كما انعمت على طارق بنعمه الاسلام
2,اللهم اني اسالك اخلاص النيه كرم الطويه
2,اللهم اني اسالك خشيه في السر والعلن
2,اللهم اني اسالك صبرا
2,اللهم اني اسالك فعل الخيرات و ترك المنكرات و حب المساكين و ان تغفر لي و ترحمني و تتوب علي
2,اللهم اني استغفرك من كل الذنوب والمعاصي واتوب اليك
2,اللهم اني اعود بك من الذنوب التي تزيل نعمتك وتحول عافيتك وتحبس رزقك وتعجل بغضبك
2,اللهم اهدنا الى صراطتك المستقيم
2,اللهم اهدنا ثم ثبتنا
2,اللهم اهدنا صراطك المستقيم
2,اللهم اهدنا فيمن هديت وعافنا فيمن عافيت
2,اللهم اهدنا لكل عمل يقربنا اللى حبك
2,اللهم اهدنى الى ما تحب ترضى
2,اللهم باركي فيه واهدي كل مسلم لطريق النور
2,اللهم تب علينا انك التواب الرحيم
2,اللهم ثبت قلوبنا على الايمان
2,اللهم ثبتنا بالقول الثابت في الحياه الدنيا وفي الاخره
2,اللهم ثبتنا على قيام الليل في رمضان
2,اللهم ثبتنا وثبته على دينك الحنيف وسنه نبيك
2,اللهم ثبته على دين الاسلام اللهم يا مقلب القلوب ثبت قلبي على دينك
2,اللهم حسننا حسن اعمالنا ظاهرا باطنا لا تجعلنا نعمل الا ما يرضيك عنا برحمتك يا ارحم الراحمين
2,اللهم رزقنا مكارم الاخلاق
2,اللهم زيد المسلمين وبارك فيهم
2,اللهم زينا بالخلق الحسن ارزقنا الامانه نظافه القلب اللسان امين
2,اللهم عفوك رضاك الجنه
2,اللهم قني شر نفسي
2,اللهم قني عذاب النار ادخلني جناتك
2,اللهم قوِّ ايماننا لنكون اصحاب عزيمه قرار
2,اللهم قونا على نفوسنا الضعيفه
2,اللهم كما حسنت خَلقنا حَسن اَخلاقِنا
2,اللهم كن مع اخواننا في سوريا
2,اللهم لا اعتراض على حكمك ارزقنا انت خير الرازقين
2,اللهم لا تجعل لحب الدنيا سلطانا على قلبي بل اجعل حبك في قلبي سلطانا
2,اللهم لا تجعلنا من المنافقين
2,اللهم لا تحرم احد من هذه النعمه
2,اللهم لا تدع لى ذنبا الا غفرته اللهم اصلح لى دينى
2,اللهم لا تكلنا الى انفسنا طرفه عين
1,اللهم لا شماته ليش ياربي يحرجوا انفسهم
2,اللهم لم شمل جميع المسلمين
2,اللهم ما اصبح بي من نعمه او باحد من خلقك فمنك وحدك لا شريك فلك الحمد لك الشكر
2,اللهم ما اعنا على التغير
2,اللهم معنا علي طاعتك ورضاك وقوي عذامئنا
2,اللهم نسالك السلامه من مثل هذه الخيبه
2,اللهم نقي نفوسنا اجعلنا لك من المخلصين سرا جهرا
1,"اللهم هون برد الشتاء على عبادك المستضعفين في كل مكان ،اللهم انـزل دفئك ورحمتـك على كل فقيـر لا ماوى له"
2,اللهم وفقنا لما تحب ترضى يا رب
2,اللهم يا مجيب من دعاك اعنا على تقواك بتقواك وارزقنا حسن طاعتك وتمام رضاك  واغفرلنا ولوالدينا ولكل من له حق علينا
2,اللهم يا محول الاحوال حول حالى ان احسن حال
1,اللي غنى عدوله محاوله استخفاف دم من البرنامج
1,اللي لازم يصير اضراب جميع موظفي الدوائر الحكوميه الخاصه لمده اسبوع شوف بعدها
1,اللي لفت انتباهي الدبه اللي جنبها
2,الماء اساس الحياه
1,المال الاسود جريمه بحق الوطن والمستقبل
1,المراه تهان وتعامل كاداه جنسيه تحت مسميات عديده كالمسيار والمسفار والمصياف الخ وكلو بتمنو
1,المراه كلها عوره حتى صوتها عوره
1,المسلسلات خربت بيوت العالم
2,المسلم الفطن النقي يتصرف بما يرضي الله في السر العلن نسال الله عز وجل ان نتبع كل ما يرضيه عنا
1,المشاركين بينو للناس انه اللى قايمين على البرنامج حمير
1,المشكله في ناس تقنع حالها انه جورج وسوف له علاقه بالاغاني
1,المشكله ناس بتسمع حالها بالحمام هيه وبتغني
1,المعنى الحقيقي لعاهاتك يا وطن
1,المغرب بريء منك على الاقل اذا كنت لهجتنا صعبه فتكلم باللغه العربيه
2,الملح احسن علاج لالتهاب الحلق ومفعوله اسرع من الادويه
1,المنتخب الايطالي عقيم هجوميا بعد ماكان منتخب يخشى هجومه كل المنتخبات
2,المهم الدعاء في السجود حتى تغسل عينيك الدموع
2,المهم هو الصادق معي الناصح لي
2,المواساه والمحبه بكل الامور رمز الاخوه
1,الموضوع ما اله علاقه بالتخلف بس لما تكون الاضرار اكثر من الفائده بلا منه ا?هم من هيك انه المفاعل بحاجه لتبريد دائم للاسف وين المي يلي عنا؟؟؟؟
2,المومين الى بعضهم كالبناء الزى يشد بعضه البعض
2,النظافه من الايمان
1,النقاش العقلاني ينتهي يانك تقنع الشخص يا انك تقتنع اذا ما انتهى النقاش كذا واللي قدامك مصدي الحل الثالث تتفل بوجهه و بكذا يكون انتهى النقاش
2,النيه دايما بتكون موجوده وربنا المعين
1,الواحد عايش وسط قرف
1,الوحيد الذي لايتركني ولو لحظه
2,الوفاء اصبح شئ نادر يكاد يكون معدوم
2,الوفاء في غير قلبك ما لقيت
1,الى ابن بشار الاسد كس اخت ابوك
1,الى اعتصام مفتوح ميدان تحرير للتخلص من قوى الفساد الافساد
1,الى جهنم وبئس المصير
1,الى يقارن بينه وبين مرسى يبقى متخلف
1,الي استحو ماتو
1,الي انا شايفو انو المفاعل راح ينعمل في الاردن راح يخدم دول تانيه يعني مش عشان سواد عيونا
2,"اليك يا ربي قلبا لم يستعن بسواك، ياوي اليك لترضى ويهتدي بهداك"
2,اﻻسلام ليس فيه رهبانيه انما هو دين علم وعمل وبحث وتطوير... وعندما طبقنا هذا المبدا سدنا العالم
1,اما الغبي اللي يقلد جورج وسوف
2,اما في الدين فتصير اخوه في الله وهي ارقى العلاقات الانسانيه بصحيح الحديث رب اخ لم تلده امك
1,اما وهابيتك فحدث ولا حرج الناس يقادون الى المساجد غصبا ويجلدون كالابقار ان هم ابوا
2,امشي عدل يحتار عدوك فيك
2,املا رئتيك بعبق السماء مع ولاده صباح جديد تهتز له الحياه تحتفل ايقظ عقلك بالنور ابعث همتك حيه متوثبه لتطوي نهارك في فرح
1,اموت بصوتها
1,اموت فيج رويده
2,اميره ممكن اضافه لو سمحتي
2,امين يا رب انت شاب زي الفل ما شاء الله عليك
2,ان  المعلم الذي يسعى للتطوير والاستزاده هو الاقدر على غرس الالتزام والطموح في طلابه
2,ان الجميل اذا اخفيته ظهرا
2,ان الدين عند الله الاسلام هذا هو الدين الذي يجب ان يعتنقه كل انسان علي وجه الارض وليس العرب فقط اللهم اهدي غير المسلمين الي دين الاسلام
2,ان الله على كل شيء قدير
2,ان الله لا يتخل عن عباده ابدا
2,ان الله لا يضيع اجر المحسنين
2,ان الله هو الرزاق دو القوه المتين
2,ان النجاح يحتاج الي قلبا ثابت عقلا راشد طموحا واعد تحدي كاسر
2,ان شاء الله ربنا يعينا على فعل الطاعات
2,ان شاء الله هنكمل مشوار النجاح
2,ان شاء الله وربنا يعيننا
2,ان شاء الله يتقبل الله صلاتنا يزيد في صلاتنا الخشوع
2,ان من صفات الاسلام الامانه
1,انا ابو عدوله هذا لو قدامي صدق اني راح العن ابو من جابه
2,انا احب هذا الكاتب
2,انا اخدت قرار وبعدت عن معصيه لله وقدرت وربي وفقني
1,انا اردني بقول الشعب بيستاهل غلا اكثر من هيك
1,انا اشوفه انه عادي ولا فيه اي معنى وايش مليوني مشاهد والله انه ما يستحق الى هذا الحد من المشاهده وبعدين هاض شي مقزز
2,انا اقدر الاخلاص الوفاء بشكل كبير
1,انا الوحيده الي احس طعم الببسي كنه حديد مصدي
1,انا انجنيت
2,انا انصح كل انسان ان لايكذب لان الكذب مداه قصير
2,انا بحب كل الناس بتمنالهم الخير
2,انا بدات اتحرك شاركت بفكره ستغير الكثير من واقعن
1,انا بكرهك
1,"انا توجيهي سعودي و بدرس بجامعه من احسن جامعات الاردن ، و الشعب قاعد يعيد توجيهي و يرسب من ورى الوزير "
2,انا حاسه انه قلبى مليان وعامر بنور الله
1,انا خلينى ساكته احسن
2,انا دايما فرحان مش سائل بالدنيا الحمد لله
1,انا دمرت انا دمرت مستقبلي ضاع وما معي اكل خبز شو هالحياه شو هالقرف مش حياه الحياه كلها ظلم ما في شغل الاردن
1,انا شوفت وقاحه بس زاي وقاحه الاخوان ما شوفت
1,انا ضد النووي كالاردن البحث عن مصادر للطاقه النظيفه خصوصا اننا نفتقر للماء و الاجدى بنا ايضا ان نبحث عن سبل لحل مشكله المياه بالمبالغ التي ستصرف على المفاعلات النوويه
1,انا عرف شيء والله ببكي اكتر ما بضحك
2,انا علي ثقه اني استطيع فعل اي شئ لاني انا من صنع الله
2,انا فعلا عملت كده والحمدلله بقيت احسن من غير الحجات الي ربنا خدها مني الحمدلله
2,انا فعلا قررت واخدت القرار ده وحاسه براحه وسعاده كبيره اوي بقربي من ربنا بجد الحمد لله
2,انا فعلا مؤمن بالفكره دي جدا وبحاول انفذها
2,انا كل يوم اقول غدا سوف اصلي لكن لا اقدر انا ادعوا الله دائما ان يهديني ارجو من من يملك حل مراسلتي
2,انا لا احلم ان اغير العالم ولكن احلم بان استطيع ان ارسم البسمه علي وجوه الاخرين
1,انا لاحظت اللبنانيين انهم ماعندهم روح الكوميديا نهائيا
1,انا لله انا اليه راجعون الله يستر هالبلد
1,انا لو مكان راغب اروح انتحرر
1,انا مِا اغيب الا اذا كرهّت اني ابقى راجع افعالك قبل كُل حاجه
1,انا متاكده انو هذولي مدفوعلهم علشان يجون يغنون لانو مافي ناس مهابيل لهالدرجه
1,انا متشائم رح اضل متشائم حتى ينزلوا البنزين
1,انا مش مسؤول عن الحراميه يتفنجرو بمصاري البلد انا اشحد
1,انا مع الاخ محمد سلامه بهالموضوع
2,انا معك بان دين الاسلام لكل الناس وفي كل زمان ومكان
2,انبسط يا عم افرح
1,انت ما تستحي تقارن القران بوحده ساقطه انعل ابوك لا ابو الملحد
1,انت ما شفت النسخه الاوروبيه والامريكيه والماليزيه من نفس البرنامج فيها بلاوي اكثر من كذا بس حنا العرب فينا عقده النقص والتخلف
2,انت مو انت انت جوعان كل شوكولاته افرح
1,انت واحد حقير
1,انت واحد عنجد قليل ادب الله يموت الي امثالك
1,انت واحد ما بتستا هل الجزمه
2,انت يا دكتور خير اخ ربنا يزور عليك
1,انتخب مين يا عم هى ناقصه لبخه فى الكلام معتش الا الاهبل ده كمان يبقى رئيس جمهوريه
1,انتم يا قطريه شن عارفكم السياسه انتم لاعندكم جيش ولا استراتجيه ثابته انتم عملاء امريكا يا خونه
2,انته جميل جدا ربنا يثبتك واتمني ان كل المسلمين تكون اخلاقياتهم في حياتهم العاديه قدوه ودعوه لكل غير المسلمين
1,انته والمعك كلهم سافلين ووقحين
1,انتو كلاب ازى تسو المصحف بى كلابه زى ده
1,انتي عنجد بنت فاشله
1,اندهش لما عرف الحقيقه
1,انسان غريب
2,انشاء الله نكون راضين بقضاء الله لكننا نرجو من الله اللطف فيه
2,انشاء الله هنعمل حاجه تفتخرو فيها
1,انشالله انو يطلع كلام فاضي لانو اذا ضربت سوريا الاردن رح اتصير حرب عالميه ثالثه وما رح اتخلص غير لما نتخزق
2,انما المؤمنون اخوه فاصلحو ذات البين
2,انما بعثت لاتم مكارم الاخلاق
1,اننا نعيش في زمن بلا رحمه
1,انني كومه من القلق والرجفه اكثر من كوني انسان
2,انه دين يسر وليس بدين عسر
2,انه غير مسلم ويعرف قلبه الوفاء فكيف حال المسلمين اللهم ارزق بنات المسلمين زوجا طيبا محبا مثله
2,اني احبك في الله
1,اه لو لا القران لقلت ان انكر الاصوات لهذه الاصوات
1,اه يا ابو القمل
1,اه ياشويه عاهات
1,اهل العقول براحه ام نسيانك يابو نسيان صعب والله صعب
2,اهلا بك في دين الحق والسلام
2,اهلا بيك فى دين الله ربنا يثبتك ويزيدك ايمانا انا فرحانه بيك كتير
2,اهلا وسهلا بشخصك الكريم
2,اهلا وسهلا بك بيننا يا طارق
2,اهم اشي اكون مبسوط
1,اهم شي الواسطه والمظهر الخارجي
1,اهما ودهم يروحون النار لكن النار مارضت فيهم
1,اوسخ شي المناديل
1,اوغاد باعو البلد
1,اوقف القرار للحفاظ على الوطن
1,اول واحد ذكرنى بصاحب اسمه قرده
2,اي الله صحيح اهم شي الانسان كرامته
1,اي تفائل هاد يا زلمه روح تشائم احسلك
1,اي تقدم اي ازدهار مفاعل النوويه بعمل الامراض كثير اهم السرطان الله يبعده عنها انا معهم رفض المفاعل النوويه
1,اي والله سوبر
1,ايس شراع القرف
1,اين ذهبوا العلماء والمخترعين والمفكرين جرب في جرب
2,ايه الاحساس الراقى 
1,ايه الهبل دا
1,ايه راحه فيها المسكين ياحرام
1,ايها الصغار المتناكفون انكم مع كل منشور ضد بعضكم البعض تصغرون اكثر مما انتم صغار فلا يسلك هذا الطريق الا صغير ساذج يحب ان يعيش على القذارات
2,ايوه هيك بدنا ياكم يا شباب بترفعو الراس
2,باذن الله بديت ولو مؤخرا بنفسى الحمد لله
1,بارد ومصقع
2,بارك الله في دين الاسلم
2,بارك الله في كاتبها
2,بارك الله فيك انا نضال فدعولي بزوجه صالحه
2,بارك الله فيك نتمنى المزيد من النصائح
2,بارك الله لكما وبارك عليكما وجمع بينكما على خير
1,بالله تسكتوا خلينا بحالنا بدناش مشاكل ايه
1,بالله عليك فين الاناقه في الناس اللي بتغني دي
1,باللـــه عليكم الم تستحيوا من انفسكم قبل قدومكم الى هذا البرنامج ثم الم تعلموا ان هناك مسابقات لانكر الاصوات في قناه اخرى
1,بالله يا شباب وش رايكم بالاشكال هذه هل تتوقعون اهلهم كارهينهم والناس تجي لاهاليهم وتقول لهم حرام عليكم هذول من دمكم
2,"بالمناسبه انا مؤدب جدا ، لا احتسى الكحول ولا ابحث عن علاقات مشبوه"
1,بتخافى حد ياخد مكانك مع انك مالكيش مكان اصلا 
2,بتقول كلام زي الفل
2,بتمنى لو ان تقوم بعثه للدعاه من مصر تزور جميع البلاد تعرفهم تشرح ما هو الدين الاسلامي تنشر بحق فى كل مكان
2,بجد ربنا يبارك فى كلماتك بتوصل والله
2,بجد موضوع رائع وانا اجد انه مناسب ايضا لهذا الوقت يارب احفظنا من جميع الفتن
2,بدعى على طول بان الله يرزقنى الخشوع
1,بدك الصراحه بدون زعل جهنم الزبانيه من الملائكه تنتظرك تموت لتشرب من فروج المومسات صديد اهل النار ان شاء الله يا اوباش سوريا
1,بدكو تخلونا نشحد
2,بدي اروح عمره الله ييسر
1,برامج سخيفه تهدف لهدم الامه
2,برك الله فيك وجعلها في مزان حسناتيك
1,برلمان المانيا يقر باغلبيه كبيره التخلي عن الطاقه النوويه حتى 2022 الاردن يطرح عطاءلانشاء محطه طاقه نوويه الله لا يطعمنا الحج والناس مروحه
1,برنامج ساقط
1,برنامج فاشل جدا
1,برنامج قديم
1,برنامج معوق ومشاركين معوقين:
1,بس اكيد وراها مصلحه
1,بس الحكام ماعندهم ذوق للاسف
1,بس الله لا يسامحكم تلقوها بصحتكم ان شاء الله
1,بس اللي قاهرني اللي ما ينطقون حرف الراء التغ من جدهم جايين يبون يغنون
1,بس مقزز
1,بسعد ربك وصباحك عسل انت وكل من قال انا اردني وبحب القياده الهاشميه وتراب الاردن وسنح الاخوان ولاد كلب على هالصبح
2,بسمه امل حلوه
1,بصفحات الفيزا على جواز السفر حاطين صور اثار الاردن عاساس هيك بس اشوفهم رح احن و ابطل اسافر
2,بصمات راقيه لاديب الدعوه محمد الغزالي
2,بطلت كتير وكل ما اترك والتزم مع ربنا برجع تاني وكل اما ارجع ارجع اكتر من الاول
1,بطني وجعتني من الضحك
1,بعد عقود مرض الكلب واستبشرنا نحن الشعب اخيرا مات الكلب واصبح ابن الكلب رئيسا بالاجماع 
2,بعد عن التشاؤم وعيش يومك بالتفاؤل لغد احلى
1,بعدك ما شفت اشي
1,بعدين الاردن تسبح على بحر من النفط الصخر الزيتي اشتغلو فيه بالاول بيكفينا 100 سنه
1,بعدين حتى الدول الي اعلنت انهاء المفاعلات النوويه زي اليابان تراجعت عن قراره
1,بعرف بس مو حلو
1,بعرف حكايات مليانه عاهات مثلكم مجانين يا صيدات جورج وسوف
2,بعض الاصدقاء يشبهون المطر في قدرتهم على تعديل المزاج هؤلاء من احتاجهم بقربي
1,بعن الله ابوك انت وعدوله يالسامج
1,بعين الله يا امال كلهن ستين سبعين سنه وبمضن وبتهون
1,بقرف زيك
1,بقطعكم شو حقودين
1,بكتب اوراق الشجر يقول موهبتي وانا صغير الله يسامح اللي كاذب عليه
1,بكره واحد منهم بينتحر لم يضحكو عليه
2,بلا هم بلا وجع راس خليك رايق دايما
1,بلد يديرها اغبياء حراميه
2,بنحاول فى كل مره نكون افضل
1,بنص المقطع سقاله موطبيعيه
1,بني البرنامج النووي الاردني على عده تصورات خاطئه بشكل خطير تتعلق بالتكنولوجيا
2,بوركت جهودك و سلمت اناملك
1,بياعين شرف
1,بيجيبو الشيوخ ليسهز فيهم
1,بيه الزناخه
1,تابعت هذا الجوال من بدايه صدوره وقبل اقترابه للعالم العربي فعلا يستحق كل هذه الاهميه
1,تاثير الغرب مبين على العرب المجانين
1,تافهين جدا
2,تايم لاين اردني واعي ومثقف لفت انتباه زين الاردن لتغيير محتوى تغريدتها  شكرا لاحترامكم الراي العام في الاردن
1,تبا لكم
2,تبارك الرحمن اللهم زد فينا وبارك لنا يارحم الرحمين
2,تبتنا ياربن علي دكرك وشكرك حسن الخشوع في صلاتك
1,تبون تقنعونا انكم تخافون على صحه المدخن وعلشان كذا رفعتوا السعر..بيشترونه ولو ب100 دينار  وبيدخنون ولو بعظم وورق شجر
1,تحطم ماتبقى من اطيافي
2,تحيه لاهل فلسطين الغاليه
2,تحيه محبه وسلام 
1,تخسا هما وكل واحد بشد على يدهم مشكلتو شعب سوري يدعون البراء وهم في قمه النذاله
1,تدرون يا جماعه الخير انها بتتعدب والله
2,تذكر من كذب يكتب عندا الله كاذب لا اله الا الله اما من يتحرى الصدق يكتب عندا الله صادقا
2,ترتيب ونظام منقطع النظير في احدى مدارس الاناث بقطاع غزه
2,تركنا كل شئ من اجل رضا الله اللهم ارضى عنا
1,ترى هاي فاهمه موضوع الوطنيه غلط ترى مش لحالك اردنيه والله اعلم اذا انك اردنيه اصلا شغل سوالف حصيده
2,تسلم انت وافكارك
1,تسلم صرمايتك
1,تضحك كانها مفجوعه من شيئ
1,تضرب منك لعدوله
1,تعليم الاطفال على الاغاني وعلى الرقص بدل من تعليم القران الكريم بدل من تعليم الدين الله لا يوفقكم
1,تغني وهي متقرفه
2,تفائلوا بالخير تجدوه اعملوا الصالحات
1,تفه عليك وع شكلك اول ما نشهرت طلقت زوجها خنزيره
1,تفو كس امك حماره
1,تقول داخله فيها ترله انحولت مع الاغنيه
1,تكالبت عليه الكلاب ولم تسمح له بالبروز بعد البرنامج
1,تليفيزيون المستقبل صار سيء للغايه ما ادري ليش
1,تم تنفيذ الحكم الي في الرد الاول وتم اعدام اول راس والباقي بالطريق
2,تماما اللهم لا تحرمنا الصدق في الكلام
1,تنظرون لا الشام يقتلون بدم بارد
2,توكلت عليك يا الله
1,تويتر صاير ممل
1,تؤلمني باسم الحب
1,تيس مابفهم
2,ثبتك الله يا استاذي ونصرك
1,ثقيلين دم كثير
1,ثكلتك امك
1,جابو المسخره لنفسهم الله لايردهم
2,جامعه العلوم والتكنولوجيا الاردنيه افضل من 92.7% من جامعات العالم و 98.2% من جامعات الوطن العربي طبقا لتصنيف ويب
1,جد اشي بخزي
2,جزاك الله خيرا ياستاذ مصطفى على ماتبثه في انفسنا ربنا يكثر من امثالك
2,جزاك الله كل خير بسمه امل رائعه وشيقه جد
2,جزاك الله كل خير دكتور عمرو ربنا يتقبل منا منكم سائر الاعمال
1,جزمتي الا اقولك اسفل جزمتي الثوره في سوريا ما اشعلها الا الوهابيين اللي هم السلفيين
1,جسمها حلو ترقص عاريه
2,جمال الصفحه من جمالكم رقي اخلاقكم انا متاكد ان صفحتنا ستعجبك فانضم الينا ادعو اصدقائك فنحن نسعد بك بهم
2,جمهور لا يياس الى اخر ثانيه
2,جميل جدا
2,جميله المعاني المجرده التي تنزوي عند التطبيق
2,جميله اوى اوى اوى يارب الكل يحس معنى الكلام ده
1,جهنم وباس المصير
1,جورج وسوف حلب مو طبيعي
1,حالات مرضيه نفسيه مستعصيه لا يستطيع شفائها لا العلم لا الفن
1,حاويه زباله بوجهك
1,حبيبي شرلبوني يموت شرلبونا انا مدريدي? لكن ماني مغير لعيونه
1,حتى بالستايل مقلده الله ياخذ عمره الغبي
1,حتى فى التخلف مش فالحين منيح
1,حتى نعرف نحل مشكله المجاري بعدين منعمل مفاعلات
1,حثاله شباب صايع
1,حثاله على حثاله والحثاله انظف منهم
1,حرام السخريه من الناس
1,حرام تحمل اسم عظيم زي هيك
1,حرام عليك كانو بقره بتولد
1,حرام عليك ماتشوفه شلون يصارخ كانه مشجع في ملعب
1,حرام والله حزنت عليه شو هالموقف الشنع
1,حرف الراء مصيبه ريس
1,حركه ارحمينا الله يشيلك اقول كيف اخوكي وابوكي راضيين عنك اف عندك ايزي
1,حزني كثير والله
1,حسبنا الله ايش صاير لشبابنا الحشيش والمخدرات غزتهم الله يهونها ويحفظ شباب وبنات الاردن
1,حسبنا الله نعم الوكيل في اناس همهم تجويع الشعب
1,حسبنا الله نعم الوكيل فيكم في مجلس النواب الحالي الذي لا يمثل الشعب الاردني فهم غير سائلين عن الشعب يبحثون عن مناصب وزاريه رواتب خياليه بينما المواطن الاردني طفح الكيل معه اصبح لا يطيق الحياه
1,حسبي الله عليكم الله بحاسبكم على كل حد بينفتن بسلبكم الله لا يسامحكم
1,حسبي الله نعم الوكيل في كل ظالم مفتري الله يعين الشعب
1,حسيت كله تمثيل وسخافه غباء
1,حطمت كل احلامي البريئه
2,"حظ من ينعم بمحبه الصغار قبل الكبار ، لان محبتهم صادقه ومن القلب"
2,حفظ الله ابناء وبنات الامه جميع
1,حفظ الله وطننا من المنافقين المتاردنين
2,حفظ سور جديده تسميعها فى الصلاه يساعد على التركيز
2,حقا مزبوط صدقت
2,"حقيقه العمل التطوعي ، يساعد في القضاء على اوقات الفراغ ، يمنحك خبرات وتجربه جديده"
2,حقيقى لازم نجمد قلبنا عن اى حاجه غلط
1,حكي فاضي
1,حلمي اكون ممثله افلام دعاره 
2,حلمي ان اكون مثل سوشي
2,حلو الشخص يكون عنده هدف يشتغل عليه لكن الدراسه شئ ضروري
2,حلو صديق عمري
2,حلو كلامك عزيزي
1,حلو...نفس العرطه سمعناها قبل 4سنين...طيب تصرف وسوبديلك اشي يرفع اقتصاد البلد
2,حلوه اوى الحمله دي وربنا يارب يكرمك وكل الي بيتبرعو
2,حلوه قوي يا عمرو لو كل واحد تيقن من هذه القصه لن يوجد حاسد لا ظالم لا متواكل اللهم ارزقنا رزقا حلال طيبا اللهم امين
1,حلوه وهي ساكته اذا ابتسم كرهت شكلها
2,حماك الله من النكد
2,حينما ننجح فى الانتصار على انفسنا
1,حيوان وكلب الله يموتك
2,"خبار الموت تهز قلوبنا بعمق وسياتي اليوم الذي تهتز فيه قلوب من حولنا لموتنا ، يارب نسالك حُسن الختام ورضاك عنا"
1,خبر عاجل يمنع لجميع المجانين التقدم الى سوبر ستار
1,خبل معوق
2,خت قرار كتير وبرجع تاني بحاول اتغير ومش عرفه
1,خراي على احسن علوي ومحب لهاجحش خربت سوريه ياكلب
1,خرى عليك
1,خساره فيك اسمك :
1,خسئو وخسئ امثالهم ومن طاوعهم
1,خفي علينا يا حجه بلا مانسمع صوتك الناعم ويصيبنا صرع
2,خلتنى اضحك رغم انى مكتئبه جدا
2,خلق الايثار
1,خليه يرفع لكن اللي عنده وطنيه انتماء يصف سيارته بالشارع يروح على الشغل مشي
2,خير الكلام ما قل دل
2,خير صديق في الزمان كتاب
1,دار الزمن وصار الوسط الفني كله نفس ذي العاهات ووضحكو هما علينا
2,دائما تبعث النشاط الحيويه في النفوس مع كل صباح اسعد الله صباحك
2,دخيل عينك يادكتور كلامك ذهب
2,دربي زدني ثقتا بك فانه لايخيب من وثق بك
2,دعاء جميل ماشاء الله
2,دعواتك لنا يا شيخ سلمان بالتوفيق الفلاح الظفر حسن الخاتمه
2,دعوه اخاك بظهر الغيب لا ترد
2,دعوه المؤمن لاخيه بظهر الغيب اسرع من البرق
1,دلوعه حيوانه?
1,دمرني النصاني هودعيك يربي بطني
1,دمك ثقيل
2,ده عمله نادره الاخلاق ملهاش علاقه بالدين
2,دي اخلاق السلف الصالح
2,رائع ولاجمل ?حب ربنا
2,رائعين يا مصريين
2,رب فعل صغير يستعظمه غيرك خاصه ان كنت تمثل الاسلام
2,رب كريم
2,ربك دايما جنبك لو ناديتوا ها تلاقه
2,ربك دايما جنبك لو نديته هتلاقيه
2,"ربما تنام وعشرات الدعوات ترفع لك، من فقير اعنته او جائع اطعمته، او حزين اسعدته اومكروب نفست عنه، فلا تستهن بفعل الخير"
2,ربنا اجعلنا من الصالحين اهدنا الي الريق المستقيم
2,ربنا اصلح احوالنا
2,ربنا المستعان ادعولنا ارجوكم
2,ربنا لا تزغ قلوبنا بعد ان هديتنا
2,ربنا يبارك فيه يكون قدوه للجميع المسلمين فى انحاء العالم
2,ربنا يباركلك يا استاذي يعزك
2,ربنا يتوب علينا من المعاصى
2,ربنا يثبته
2,ربنا يحمى الاسلام والمسلمين
2,ربنا يستر واخلاق المتاسلمين لا ترجعه مره اخرى
2,ربنا يسهل
2,ربنا يشفيهم
2,ربنا يصلح احوالنا يا رب ظاهرا باطن
2,ربنا يصلح حالنا جميعا
2,ربنا يعنا علي كل شيء
2,ربنا يعيننا علي نفسنا
2,ربنا يقدرنى ويعفو عنى
2,ربنا يقوي ايمانك
2,ربنا يقويكى على اخد القرار الصح واحسنى الظن بالله وتوكلى عليه وربنا يقويكى على ضعفك يارب ويعدك عن الغلط ده
2,ربنا يقوينا ويقدرنا
2,ربنا يكتر من امثالك يا مصطفى
2,ربنا يكرمك على سعيك وحُبك للمُساعده
2,ربنا يكرمك يا دكتور
2,ربنا يكفينا هذا الشر
2,ربنا يهدينا يهدي بينا امه محمد الغافلين
2,ربنا يهديني ويجعلني من الخاشعين والمسلمين اجمعين
2,ربنا يوفق الجميع علي الخشوع
2,ربنايحفظك ياشيخ
2,ربنايقويك اتشجعي وخوذي قرار وخلي الصحبه الصلحه جنبيك
2,ربى يزيدن ايمان وتقه يارب
2,ربي ارزقني حلو الحياه و جمال الحظ و سعه الرزق و راحه البال
2,ربي اشرح لي صدري و احلل عقده من لساني
1,ربي يكون بالعون ياخي فقد احزنني كلامك
2,ربي ينعم علينا بنعمه الخشوع
2,ربي يهديهن
2,رجعتولنا الفرحه اللي نسيناها
1,رح اجتهد باني اكون حلوه يوم عرسي مش اكون مثل القرده
2,رحمه الله رحمه واسعه واسكنه فسيح جناته .. نعم الدكتور ونعم الداعيه ونعم الاب ونعم الصديق .... مخلص في عمله ... صدوق في دعوته
2,رضيت بالله ربا وبالاسلام دينا وبمحمد صلى الله عليه وسلم نبيا ورسولا
1,رعب وخوف على وجهك ياجبان
1,"رغم انني اول من اثار فضيحه في المناهج المقرره في الاردن طوال عقود مضت ، و عوقبت بالفصل عده مرات من التربيه"
2,ركز في الاجابه وقول يارب وخد قرار
1,رهيب حسن تعالى تعالى
1,روح اكتب اشي زي العالم الناس بدل ما انت بتتهبل هيك بتتمسخر يا مسخره
1,روح موت وانتحر
2,روعه الاشياء تبقى روائحها بقى اصحابها ام انصرفوا
1,ريحتك طلعت
1,رئيس مو عارف يحكي حرف الاس روح تخيب ولك يلعنها انيسه على هيك جحش خلفتو
2,زاكى اكيد رهف بكفى انه من مشتقات الحليب
1,زمان المطربيين اللى غنو لهم المعاتيه دول ولعو فى مقابرهم وبيعيطو بدل الدموع دم على تراثهم اللى راح
1,زنخه زيك
1,زهايمر وخرف وحبتين كبتاجون
2,سابقى رائعا معك الى النهايه ان بقيتي رائعه معي الى النهايه
2,ساترك حبك ليس كرها فيك ولكن لكثره الشركاء فيه
2,ساعات اللى فى السر هو اللى بيخلى الناس تحبك فى العلن من غير ما يكونوا عارفين الا انهم بيحبوك من غير سبب
2,"ساعد نفسك بنفسك حتى تجد الطريق المناسب الذي تريده، اكتشف قدراتك واستغل مواهبك ولا تترك نفسك لحيث تاخذك الرياح فينتهي العمر قبل ان تحقق حلمك!"
1,سافل و غشاش
1,سالت اصحابي ف هذا المجال و حكولي غير هيك.الموضوع مكلف. الكل باكد انه الحل لوضع الاردن الحرج هو طاقه نوويه
2,سبحان الله اللهم ارزقنا الطمانينه اليقين
2,سبحان الله ان الله يرزق الدوده في جوف البحر
2,سبحان الله بحمده عدد خلقه رضى نفسه زنه عرشه مداد كلماته
2,سبحان الله خالق السماوات الارض
2,سبحان الله قادر على كل شىء
2,سبحان الله له فى خلقه شؤون
2,سبحان الله مالك السموات الارض
2,سبحان الله مواقف لها معنى قيمه فعلا تعلم ما شاء الله
2,سبحانك ربنا الواحد الاحد لا شريك لك تحيي تميت انت على كل شيء قدير صلى الله سلم على نبينا محمد على اله صحبه اجمعين
2,سبحانك ربي اني كنت من الضالمين
2,سبحانه يهدي من يشاء لا اله الا الله محمد رسول الله
2,ستجد مساعده الله وعونه لك عندما تكن النيه صادقه
2,ستضافتهم وعاملتهم معامله انسانيه ولم تحصرهم في مخيمات تفتقر لادنى مطلوبات الحياه مثل الاردن
1,سخافات وتخلف شباب وصبايا هل الايام
1,سخافه الشاميين ابدا ما ينفع لهم الكوميديا
1,سخافه بكل ماتحوي الكلمه من معنى
1,سخافه مالها حدود
1,سخيف مره يمسخرون الواحد ومافي شي يضحك اصلا
1,سخيفه قوووه
2,سعادتنا تكون بحسن الاستمتاع بالاشياء التي نحصل  عليها كما تكون بحسن الاستغناء عن الاشياء التي نُحرم منها
2,سلامٌ عليكم طبتم تُقال للطيبين عندما يساقون للجنه وهم من طابت اقوالهم وافعالهم في الدنيا . اللهم اجعلنا منهم..
1,سلطان القرف
2,سلمت امري ربي عالمين رغم البعد احس ان ربنا رح يكتب ويجمعنا ويكون نصيبي
2,سلمت سلمت يداك انها الاخلاق الكريمه التي علمنا اياها رسولنا الاعظم صلوات الله سلامه عليه اننا انشاء الله سنفعل ما بوسعنا حتى نرسم صوره راقيه جميله عن ديننا اخلاقنا الله المستعان
2,سلمت يداك روعه
2,سلمت يمناك كلام من ذهب
2,سلوا الله الجنه والحوا عليه في طلبها ييسر لكم اسباب دخولها فكل نعيم دونها شقاء وكل فوز دونها خسار فمن زحزح عن النار وادخل الجنه فقد فاز 
1,سماجه سماجه ووالله البنانيين دمهم ثقيل مره
2,سنبقى دائما معا نشاطر بَعضنا البعض مر الحياه وحلوها
1,سنبقى نذكر دوله الشهيد وصفي التل الذي كان رئيسا للوزراء حبيبا للفقراء
1,سوبر حمار والله هذا السوبر حما سبب في تخلفنا
1,سوبر سطار ولا بلاش
1,سوبر طقاع اول واحد جايته زبيريه
1,سوريا تعرضت لمؤامره والامر المحزن ان ولاد سوريا انزلقو فالمؤامره هاذي والشنيعه
1,سيئ جدا
1,شاهد تحرش جماعي بسيده تحمل طفلها على كورنيش
1,شباب صايع مو ملاقي ياكل مخه فاضي متخلف عقليا
2,شبابنا زي الورده بس بدهم حدا يدعمهم
2,شبابنا فيهم الخير بس بدهم حدا يرشدهم
1,شخصيه تافه
1,شردو اطفلها وقتلوا رجالها
1,شعب سخيف
1,شعب لا يحركه هذا الظلم التعدي على كرامته هو شعب لا يستحق الحياه
1,شعوب تافهه همها الحياه الدنيا فكروا في نهايتكم
1,شعور الانفصام تاع سنه خامسه كثير بخزي! اللي هو انك عملت كل شي ممكن ينعمل بالجامعه فزهقت وبدك تتخرج بس بنفس الوقت مش هاين عليك تترك الجامعه
1,شغل مشغول قرف يع
1,شفتها اقول وشذا الكيك
2,شكرا دكتور فكلماتك لها بالغ الاثر في نفوسنا
2,"شكرا لجميل اثراءك المعرفي، كلامك وسلاستك في ايصال المعلومه جميله للغايه"
2,شكرا لك
2,شكرا للنجمه الراقيه كنزه اخبار النجوم
1,شكلك احول موب حوله
1,شكلك دايما متاخره عن المدرسه
1,شكلو عمرو ماشاف كاميرا تصورو
1,شنو السالفه يعني اتقارنون القران الكريم ويه نجوه كرم هاي العرمه لا الله الا الله
1,شو الاشي الي بيضحك ما ازنخك
1,شو الي جنني و نزلت ماده اثار الاردن
1,شو بالا يا دانيا المشكله مش عارفه تكتب هعهعه
1,شو عاجبك فيها مثلا ؟ لتكون سيارتكم
1,شو عادي يزم انتا ما عندك دم ونخوه يزم انتا مش بني ادم ترى ورح طير
1,شو نوع الحشيش ؟؟
1,شو هاد البرنامج معقول عرضوه على القنوات
1,شو هاض المنشور الوسخ
1,شو هالافكار الجهنميه
1,شو هالغباء فضحتنا
1,شو هالمنشور الوسخ
1,شو هل الاهبل
1,شو هيدا دلع اخر زمن
1,شو يعني بدك ايانا نحكي من وراكي مش حلوه
1,شوف شكلك بالاول بعدين احكي
1,شي مؤكد انك حمار
1,شيئ مؤسف الله يهديه
2,صادقه وفنانه من الزمن الجميل والفن اخلاق واحساسها يدرس
2,صار بدها بطاريه التقوى شحن
1,صار عناد وكره قله ادب بس ظلموها
2,صباح الابتسامه مرسومه على محياك ربي اجعل حياتي حياه احبتي نور على نور
2,صباح الاماني الجميله المحققه باذن الله
2,صباح الاماني المحققه باذن الله
1,صباح الامتحانات
2,صباح التفكر
2,صباح الحب من الله علينا جميعا
2,صباح الحريه والنصر
2,صباح الخير الاشراق الامل
2,صباح الخير لك ياشيخ لكم كلماتك دائما تشعرني بالامان والسكينه والرضي بما كتب الله
2,صباح الخير والسعاده لكم
2,صباح الخير والفل
2,صباح الخيرات والعبادات
2,صباح الدرب للجنه
2,صباح الدرب للجنه و بلبل شادي بفنه و ريحه الياس و الحنه
2,صباح الدرب للجنه وبلبل شادى بفنه وريحه الياس والحنه اقولها لكل احبابي اللهم اجعلنا ممن يتمتعون بروح وريحان وجنه النعيم من الرحمن
2,صباح الرحمه و البركات ان شاء الله
2,صباح الزنبق والفل والياسمين
2,صباح السعاده العامره
2,صباح العسل
2,صباح العفو والتسامح صباح الخير لوجه الخير
2,صباح الفل الورد يا شيخ سلمان عطر الله صباحك بذكره شكره حسن عبادته
2,صباح القشطه
2,صباح النور السرور الورد المنثور
2,صباح الهمه النشاط شيخنا الفاضل
2,صباح الوجه الصبوح
2,صباح الورد الجوري الحمر والخمري
2,صباح الورد لوجه طيبه
2,صباح الورد والفل
2,صباح الوفاء لك يا صديقي
2,صباح كل جميل في هذا الكون
2,صباح ملؤه الحب العرفان
2,صباح ملؤه الخيرات المسرات
2,صباح مملوء بالخير لجميع المسلمين يا رب
2,صباحات الانوار
2,صباحات العقول اليقظه الهمم الحييه المتوثبه
2,صباحات النقاء الابتسامات الصافيه من القلب
2,صباحك جمال روعه
2,صباحك خير يا دكتور سلمان
2,صباحك سعيد
2,صباحك طيب كطيب المسك العنبر
2,صباحك مبروك عدوك مهلوك
2,صباحك نور
2,صباحك ورد ياسمين معطرين بنسمات من الجنه يا شيخنا الجليل حفظك الله من كل سوء نحبك في الله
2,صباحكم امل مشرق عطا متجدد كما شروق الشمس
2,صباحكم تفائل
2,صباحكم سعاده وعباده مقبوله ان شاء الله
2,صباحكم ضحكه قلب يملاه الرضى اضحك ياحبيب الملايين
2,صباحكـم نقاء يشبه سيرتك
2,"صباحكم هلا و شوق و غلا ،، صباحكم نور و فرح و سرور،، صباحكم ذوق و قدركم فوق ،؛ صباحكم حب وسعاده"
1,صبح يحكي للتلفزيون الاردني العقار في الاردن رخيص ! وجميل ... رخيص يعني بنقدر نملك شقه ب 10000
2,صبحك الله بالخير
2,صبحكم الله ياهل الطيب بالخير يسعد ضحاكم الظهر العشيه
2,صح الابتسامه تصنع السعاده
2,صح الصح كمان
2,صح علشان كده منكذبش ونرتاح
2,صح كلامك احلى حكمه محد يبقى للنهايه رغم اتفاق الطرفين
2,صح لسانك
2,صح يا اخي صدقت الله يعين الجميع
1,صحح الخبر مش تحرير المشتقات النفطيه انما توليعها
2,صحيح الابتسامه لها تعابير كثيره
1,صحيح انك سافل
2,صحيح كل هالشغله بس قرار وبظن كلنا قادرين ناخده اذا استعنا وتوكلنا الله
2,صدقت الله يا شيخ
2,صدقت والله انت تريد وانا اريد والله يفعل ما يريد
2,صدقت يا استاذ عمر
2,صدقت يا رب اجعلنا راضين بقدرك
2,صدقتي رائعه معبره الكلام
2,صراحه الاراده القناعه هيا الغنى الاكتفاء
1,صراحه بخزي من دون مجامله
1,صراع متصاعد للهيمنه على سوق الالمنيوم العالميه
1,صرفات تجعلك زوجه نكديه بجداره
1,صرماتي براس اهلك
2,صلوا علي من بكي شوقا لرؤيتنا
1,صوتك وحش
1,صوته مره منبح احسه تعبان عاد زبدوله مابقى الا يطلع بعد شوي
1,صوتها بعيرَ ومصدقه حالها
2,صور جميله
2,"صوره مليانه روح ، يعلم الله اني سعيد جدا فيها ففيها شباب حافظين لكتاب الله"
2,ضحكت طفل بسمه امل 
2,ضع امنياتكم في سجده انساها وتاكد ان الله لن ينساها ابدا
1,ضيعت دقايق من عمري بمشاهده ازنخ اتفه شخص بالحياه الا هو اللي بالنص لا حتى بعرف اسمه
2,طالما انك تتوجه الى الله عز وجل باستمرار فلسوف يفتح عليك اكثر مما تتخيل
2,طبعا اكيد والف
2,طبعا محدش يقدر بس سبحان الله فيه ناس عايشين من غير مياه
2,طبعا واقع
2,طبيب عيون اردني يسجل اختراعا جديدا في روسيا. كل يوم انجاز اردني يسجل.  اﻻردن تكبر بابنائها 
2,طريق واحد عدم اليئس هو طريق النجاح
1,طلعوا العرب اخس واخس واخس
2,طموح الانسان يدفه لتحقيق اهدافه يا رت شببنا ما يقولن فات الوقت الله يوفق من يشاء
1,طول عمر بخاف ان امثالك يصبحوا مطربين
1,طول عمرك تخاف من الحب 
2,طيب الله انفاسك وياسلام لو الشباب او الشابات اذا احبو يحبون كجب شاه جاهان وممتاز محل
2,طيب انا عايزه اشوف القصر
1,طيب ليه السخريه دى ماكنا كويسين
2,ظني بالله جميل
1,عادي محنا اتعودنا على الرفع من يوم يومنا نحن ما بنعرف غير الرفع همه برفعو نحنا بندفع على حسابنا
1,عالم فاضيه بيسمو الغناء فن بيشغلو الناس
1,عاهات العرب الجرب
1,عاهات اللهم لاشماته
1,عاهات وعهد الله عاهات ايه اللي خلاهم يغنو دول
1,عاهاتك يا وطنعاهاتك يا وطن
1,عاهاتك يا وطني
1,عاهاتك ياعرب
2,عجبتنى الحلقه
2,عجل يا الله
2,عد دراسه قمنا بها تبين ان وضع خلايه شمسيه في صجراء الاردن والسعوده تكفي للاناره الارض كامله مدى الحياه
1,عدوله السامج هذا خرب اوم المقطع قسسم زباله هالادمي ودمه زززفت انا ضحكت
1,عذبت ام العود
1,عرب اغبياء
1,عــرب جـــرب
2,عشان هيك قال النبي صلى الله عليه وسلم ان الكذب يهدي الى الفجور والفجور يهدي الى النار
1,عطله 15 يوم وكمان اسبوع عطله و 20 دينار لكل طالب هاي مدرسه ولا شهر عسل
2,عظيم هو اسلامنا 
1,عفكره البيج هاد قرفني وقلب معدتي شو للاسف انتا انو عرفك انه هيك الوضع بتفتح بالفنجان يا ناس خفوا علينا الدين مش للايكات وكمنتات
2,على الاقل هناك رجل وفي لامراه احبها وهذا يسعدني
1,على فكره المعلقين هدول ولاد حرام
1,عليا النعمه ابدا لا هو ولا الخروف التاني
2,عليك بتقوى الله ان كنت غافلا
2,عليكم بالدعاء والتضرع لله سبحانه وتعالى ولا يرد القضاء اللا الدعاء اجتهدوا رحمكم الله
1,عمدا فيهم ما نستعمل التدفئه نلبس فروه
2,عمرتنا كانت مميزه جدا ورائعه
2,عمل السريره هو العمل الخالص لله اللهم ارزقنا عمل السريره
2,عن جد انتى ما شاء الله عليكى جزاكى الله كل خير
2,عنجد الكذب اكبر ورطه
1,عنجد انو باله
1,عنجد بخزي
1,عنجد بخزي شو هاد على حساب ازياء طلع باله
1,عنجد هذا الانسان تافه وحقير
2,عندك حق انت امل جميل مشرق
1,عندما يقدم طلاب على حرق الكتب المدرسيه والاضراب فنحن نعيش انتكاسه في التعليم بطلها المعلم الغير مبالي الذين اججوا وافتعلوا الازمه
2,"عندما يقول لك احد:  ابشرك فانك مباشره تفرح وتبتسم فكيف اذا كان القائل هو الله سبحانه وتعالى حين يقول : ""وبشر الصابرين"""
1,عني كل يعلقو الا انا
1,عوام الشيعه بين ساذج ومغفل وجاهل ومتجاهل ولا يمكن لعاقل ان يظن ان عباده الله تكون بان تقضي حياتك بين لطم ولعن وتباكي
1,عيب عليك ماتستحي
1,عيب عليكوا تقارنوا وحده زى دى بالمصحف الى هوا كلام ربنا
1,عيب والله اسم المقطع
1,عيب يغني ده السادات وده ابن مره
2,عيش زي ما بدك ما ترد على حدا ابدا
2,عين العقل ربي
1,غباء في غباء لان نفس الحركه صارت في  يعني قلدنه البرنامج وبعد التصرفات اوووف
1,غبي الله يزيد غباك
1,غبي انتا اشي الصووووت هاد بتشبهو بجورج وسوف
1,غبي من جده
1,غرباء نحن حتي في احلامنا نعيش واقع ليس لنا فيه نصيب. .؟ نتمني اشياء كثيره لكن بدون ان نتحمل اي مسؤوليه. ....ننظر الى انفسنا فقط
1,غيب عن وجهي
2,فاجعل اللهم عوضي فيه
1,فاشل فاشله برنامج فاشل
1,فاشله من بيئه فاشله
1,فاشلين الى ما لا نهايه
1,فاضل قلمين نخلص
2,فاظفر بذات الدين تربت يداك
1,فاقد لكل معاني الاحساس
2,فالاول يصحح مساري الثاني يزيد من اصراري
1,فانا اناشد الحكومه الاردنيه بالافراج عن اسرى السلفيين التوحيدين الموجودين في سجونهم
2,فاهجر تجد عوضا عما تفارقه
1,فتاه تحاول استعراض جسدها
2,فتحه نصره نوره بركته هداه
2,فدمك عود مع عنبر
1,فشرت عين الشيعه والله بنحرقهم حر
1,فشرت عينك
1,فشلوه مره صدق انهم دلوخ
1,فضحتونا من وين نحنا بال 48 عنا برامج هيك تافها ومخمج
1,فطست ضحك على الشايب
2,فعلا احس في نفسي دللك
2,فعلا البت جده لما تحتاج ليه هو الانسان الصادق هو البستاهل تضحي عشان
1,فعلا الطاقه الشمسيه هي البديل ليست النوويه لان حتى الدول المتقدمه صارت تتخلص من النووي تتجه للطاقه البديله خصوصا نحن الاردن بلد مشمس عالطول السنه الكلفه ما اتوقع اكثر من الطاقه النوويه
2,فعلا الله يبعدنا عن الكذب
2,فعلا الله يجزيك كل الخير دكتور والله يثبتنا على ديننا
1,فعلا اللي بيســتحوا ماتوا
2,فعلا ان الطموح هو سر النجاح
1,فعلا برنامج ساقط واللي بيتابعه اسقط منه
2,فعلا ده صحىح مثلا زى سماع الاغانى التى تلهى عن زكر الله لو تركتها لله ىملا الله قلبك بحبه ولاتشغل بالك الا بذكره
1,فعلا زي ما حكى اخر شي مهزله وانا مهزله اللي ضيعت وقتي اشوف هيك مسخره فعلا اني مسخره
1,فعلا فضايح ما توقعتها في شبابنا المتخلف اخلاقيا وصوتيا وبدنيا اها وعقليا بالتاكيد
2,فعلا في البدايه كلهم رائعون
1,فعلا مهزله
2,فعلا والله هو القرار والثبات عليه
1,فقد عجزت الكلمات
1,فلما الحزن فلقد اصبح الحزن صديقي
2,فما اجمل هذا الدين
1,فهم ادرى واخبر لا وبل اكثر انكارا للشيعه وامثالهم
2,فوق من اللي انت فيه ربك دايما جمبك لو ناديتو هتلاقيه جايز ده اختبار ركز فالاجابه وقول يارب وخد قرار
2,فى ناس كتير ربنا كرمهم بنعمه الاسلام ولكنها لا تدرك قيمتها
1,في ايه يا ولاد الوثخه؟
1,في خطبه وحده رفض شيخ اخواني النووي الاردني و مدح النووي الايراني
2,في كل مناحي الحياه التكنولوجيا بديل عن البشر الا في التعليم التكنولوجيا تجعل عمل المعلم .. متعه لا بديلا عنه
1,فيديو بايخ
1,فيروسات بشريه
1,قال حكم قال
1,قرد زاني ابن حرام انقلع قبح الله صورتك ياخنزير
1,قرف شوهاد شي بخزي عنجد
1,قرف يعيع
1,قرف يقرف اللبنانيين شو تافهين
1,قرف يقرفك
1,قرفت انتحر عن الدرج
2,قريبا ان شاء لله تسمع اخبار تسركم
1,قصدك اخر ما توصل اليه العقل البشري من تفاهات
2,قصه جميله تعلم الناس كمان الامانه لان اذا اخذ القليل اخذا الكثير
2,قصه جميله جدا تعكس معنى الايمان التمسك بالعقيده الصحيحه حسن تعاليمها
2,قصه جميله مهمه جدا
2,قصه جميله ودايما انا بحب اسمع البرنامج
2,قصه حقيقيه رائعه فيها عبره لكل زوج وزوجه فيها الموده والرحمه
2,قصه رائعه افادك الله من العلم لتفيدنا دائما
2,قصه رائعه ياريت كل الرجال هيك
2,قصه فى منتهى الروعه
2,قصه في غايه الروعه
2,قل لي من تصاحب اقول لك من انت
1,قلت ادب
1,قلولهم هذا سوبر ستار مش مسابقه لبياع الخضار
2,قمه البلاغه
1,قمه التخلف البشري الله يشفيهم
1,قمه التخلف والانحطاط
1,قهروني حرام
2,قول يا الله ده عنك مش بعيد متشلش هم ولا تشعر بضيق اقول يالله اهديني ياقلبي عشان اتوب امحي الذنوب واهديلي الطريق
2,قول يا رب وخد قرار
2,قول يارب ادعي كتير انك تكره هذه المعصيه وربنا كريم
2,قولى يارب ثم توكلى عليه انه نعم المولى نعم الوكيل احتسبى عنده ما تظنين انك لا تقدرين عليه
1,كارثه بشريه
1,كافر ملعون جهنم باذن الله
1,كاميرا خفيه في الانحطاط الاخلاقي
1,"كان خطاي الوحيد، اعطيت من لا يستحق اكثر من حقه"
1,"كان نفسي اكون شخص بارد ، يتقبل اي حاجه من غير ما يتاثر."
2,كانت الحياه صعبه والمدرسين خشنين واغلبهم من الاردن وفلسطين لكنهم علمونا الادب والعلم غفر الله لامواتهم
1,"كانت العرب في الجاهليه، يصيبها التشاؤم ان رات رجل او امراه لون عينيه ازرق وكانت تعتقد انهم شياطين او مس شيطاني اصابهم وهم اجنه"
1,كانت تسوي مقلب انها محترمه بعدين اعترفت انها
1,كانهم خرفان العيد عند المسلخ
1,"كباب كباب واخرتها لحم كلاب تكرمون ، احذروا"
1,كتكوت ضعيف الجناح الدنيا غدرت ها
1,كتير رخيص ومقرف
1,كثر الكلام في هذان الموضوعين ولم يتحقق على الواقع شي اصبح المواطن يتبع سراب
2,كثر الله من امثالك زادك الله علم
1,كدا عيب اودني راحت فيها
2,كرامتى اولى
2,كرامتي افضل من سعادتي
1,"كرهت كلمه نازح، لاجئ، ازمه،  وضع،  توره، تاريخ،  جغرافيا"
1,كس اخـتك
1,كس امكم يالعرب يابهايم يابقايا حضارات الامم
1,كسم البرامج العربيه متخلفه بنت شرموطه
1,كسم العته البشرى
2,كل الاحترام
2,"كل البدايات جميله لكن العبره دائما تكون بالختام,اما كسبت او تعلمت درس مستحيل تنساه."
1,كل النسخ العربيه والاجنبه كله تمثيل في تمثيل مسخره وعقول تاقهه
2,كل سنه وانتم طيبين
2,كل شخص فينا بيتمنى الخشوع في صلاته يا رب يتقبل صلاتنا صيامنا
2,كل شئ في حب الله تهون وحب ربنا اقوى بكتير من اى حاجه
2,كل شئ ماله معنى بهالحياه الا الفلوس هي الحياه وهي من تقرر مصير كل شئ بهالدنيا الا شئ واحد الموت لا يتناغم مع الفلوس
1,كل واحد حرامي ما بهمو مصلحه المسكين المواطن الي بشتغل 14ساعه 6دنانير
1,كل يوم اجتماعات ومناقشات وتحليلات ومفاوضات بشان سوريه وكلو حكي فاضي وعلاك مصدي اذا ما في نيه صادقه مخلصه من كل الاطراف لن تنتهي ماساتنا
1,كل يوم يصدمنا الاعلام بنتائج رقميه مجهوله المصدر والتوثيق والاستقراء حول التعليم في الاردن لتبرروا تغير المناهج المخزي لا لن تخدعونا
2,كلام بليغ اللهم ارزقنا الزوج الصالح من يعرف معني رفقا بالقوارير
2,كلام جميل
2,كلام جميل الكرامه افضل ابقى للانسان
2,كلام جى فى وقته
2,كلام حقيقي
2,كلام حلو ومشجع
2,كلام ذهب
2,كلام رائع وفي وقته وربنا قادر علي كل شئ
2,كلام سليم
2,كلام سليم الف بالميه الله
2,كلام سليم والصراحه راحه
2,كلام صحيح من شان هيك الدول اللي ما فيها بطاله والمجتمعات المفتوحه بتقل فيها المشاكل النفسيه
2,كلام طيب
2,كلام ما في جدل
2,كلامك جميل ورائع
2,كلامك يشعرني بالتفاؤل يمدني بالقوه الاستمرار
1,كلب واطي
1,كلب وحقير
2,كلمات رائعه حلوه لا احلى ان يكونو في النهايه رائعون
2,كلماتك عذبه
1,كـلمه حب عـجـبـتـنـى جـيـت  اقــؤلها جــرحـتـنـى
2,كلنا ما انتصرنا على نفسنا وعلى الحاجه ددي الي متعبتنا ومبعدتنا عن الله
1,كله على راس المواطن ما يثير السخريه رفع اسعار المستقات النفطيه المستخدمه في الصناعه تقول صناعتنا مكسره الدنيا
1,كلهم فاجرين
1,كلهم معندهمش احساس
1,كلو حكي فاضي
1,كم هي ثقيله على لسانك .. فرائحه الدجل والنفاق بنظرات عيونك !! 
2,كن انت التغير الذي تريد ان تراه
2,كن انت ذلك الشخص
2,كن ايجابيا وتذكر ان قليلا من التفاؤل قد يصنع الف طريق نحو السعاده صباحكم مليان طاقه ايجابيه
2,كن كما انت لا تتغير من اجل احد
2,كن مع الله لا تبالي
1,كنا نقول البلد حاميها حراميها ماذا سنقول الان مفتيها حراميها الله الواحد تحير في هذه الامه التي اصبح الحليم فيها حيران
1,كنا نقول عاهات
2,كنت اخادع الحياه لكي اعيش كما اريد لكن الحياه خدعتني عشت كما هي تريد
1,كنت اشوف الاجانب اقول موسوسين
1,كيد النساء لولا مكر الرجال لما خلقت حــواء بكيــد عظيــم
1,كيف صرت كاتب يا زلمه ؟؟ انت كثير عليك حمار
2,كيف لا احبه و في كل مساء يهديني شيئا من روحه 
1,كيف يجتمع ستر وغض البصر
2,لا احنا نتبع نظام مختلط بين الراسماليه والاشتراكيه
2,لا استطيع اللهم ارزقنا العافيه وشكر نعمتك
2,لا اله الا الله محمد رسول الله
1,لا بقلو بيضه حكي فارط نحن الاردنيه ما حد بيطلع معنا براس
1,لا تتهاون بحجاب زوجتك  فهناك رجال في الطرقات في قلوبهم مرض يتمتعون بالنظر لنساء
1,"لا تحاول لفت انتباه احد , ان لم تكن ملفت بالفطره ستبدو احمقا بالتظاهر"
2,لا تحزن الدنيا ما فيها اشي تحزن عليه
2,لا تحزن ان الله معك
2,لا تحزن على دنا فانيه بل احزن على اخره باقيه
2,"لا تخسر قيمتك بكلمه، ولا تفقد احترامك بزله، ولا تجعل همك في الدنيا هو حب الناس لك،فالناس قلوبهم متقلبه قد تحبك اليوم و تكرهك غدا"
1,لا تعليق
1,لا تفهمي غلط حبيبتي
2,لا تقنتوا من رحمه الله فهي وسعت كل شيء مهما عصينا فلنا رب كبير رحيم ورحمن
2,"لا تياسوا من روح الله، الله تعالى لا يعجزه شيء، فكم من مريض شفاه، وكم من فقير اغناه، وكم من مشرف على الهلاك نجاه، وكم من ضال هداه"
1,لا حول ولا قوه الا بالله اذا اخذ ما اوهب اسقط ما اوجب
1,لا حول ولا قوه الا بالله العظيم  لم اكن اعلم ان نسبه ذكاء العرب منخفضه جدا الى هذا الحد
1,لا حول ولا قوه الا بالله ليش الحرج هدا
2,لا ربنا يرحمنا برحمته
1,لا شو انا مسخره كلكو خنازير
2,لا طبعا التقرب الى الله هو خير علاج للحالات النفسيه
1,لا عنجد زلمه شكلو بخوف
2,لا كرامه في الحب والغرام
1,لا للمفاعل داخل الاردن
1,لا محاله اول شيء يحدث له بعد عودته للمغرب سيتم اغتصابه كالعاهره
1,لا مش فاهماك
1,لا مو حقودين ولا شي
1,لا مو حلو و بخزي
1,لا نووي ولا صوبه بواري كالعاده نصبه جديده
1,لا هديله بالجزمه طبعا
1,لا هديله بالشوز زى الصعيدى الى يكرمه الى ضربه بالشبشب ناقصه حراميه
1,لا والله ما بلسه يع
1,لا والله ماهم اللي مسخره انا اللي مسخره اللي تفرجت عليهم
2,لا وحده مع القران هو انيسي ام الغرام فلا احتاجه مطلقا
2,لا ياس مع الحياه
1,لا ياعزيزتي انا عايشه بالمحكمه واشوف تسلط وظلم كبير من اشباه الرجال بس بالنهايه المظلومه تجد من ينتصر لها وبكل هدوء بدون افلام
2,لا يشكي قله المال لكنه يشكو امانه الرجال
1,لا يعني الغبي يدري انه كاتب اسمها بالورقه مايبيلها ذكاء ترى
2,لا يغير الله ما بقوم حتى يغيروا ما بانفسهم
1,لا يوجد كفائات بالاردن قادره على اداره هكذا مشروع
1,"لاتتحدث بقوتك امام ضعيف ، و لا بسعادتك امام حزين ، و لا بمالك امام فقير، زن كلامك و راع شعور الاخرين"
2,لاتحزن فان الحسنه بعشره امثالها الى سبعمائه ضعف الى اضعاف كثيره و السيئه بمثلها الا ان يعفو ربك يتجاوز فكم لله من كرم ما سمع مثله و من جود لا يقاربه جود
2,لاتنساني من دعائك الصالح شيخنا
1,لازم اخر ما توصل اليه العقل البشري من غباء اخوكم حمزه اللهواني من الاردن
2,لازم كل واحد فينا يفكر بشكل ايجابي يبعد عنه السلبيات
1,لازم يحكم عليهم بالسجن
1,لالا بس اغلبهم داريين بس يقولها استعباط ورفع ضعط خذها مني
1,لان ديانا كرزون البغله الاردنيه لا تستحق ذلك
1,لان ما بعتقد انو في هالقد عاهات ما بيعرفوا انو صوتهم نشاز لانو كتيير نشاز وازا في رح تكون حالات استثنائيه مو بهاد الكم الكبير
1,لانه النووي ضرره علينا اكتر بكتير من فوائده
1,لانهم يمكن يكونو قاهرينك
1,لبنان وزبالتوا
2,لتصل الى القمه لا تلتفت الى مغريات الطريق
1,لجنه تافهه
1,لجنه حكم ماعندها ذره احترام
1,لجنه زباله من اذا بفهمو بالفن خاصه ابو النظارات اللي مش موجود بالفيديو
1,لجنه فاشله تتمسخر على المتقدمين
2,لدى الاردن مؤهلات عظيمه لاستغلال الطاقه الشمسيه وطاقه الرياح وطاقه باطن الارض والوقود الحيوي. وكلها طاقه امنه ونظيفه ومتجدده.
2,لست الافضل لكن لي اسلوبي ساظل دائما اتقبل راي الناقد الحاسد
2,لسنا مجبرين على تبرير المواقف لمن يسىء الظن بنا من يعرفنا جيدا يفهمنا جيدا فالعين تكذب نفسها ان احبّت 
1,لعن الله المتشبهين من الرجال للنساء
1,لعنكم الله جهنم وبئس المصير ايها العازفون
1,لقد اتحفتمونا بلجوكم لجيبتنا التي انفجرت بفضلكم الفاسدين يتنعمون باموالنا فهل اصبح فاسدا لاعيش
1,لقد اسمعت لو ناديت حيا.. ولكن لا حياه لمن تنادي ولو نارا نفخت بها اضاءت .ولكن انت تنفخ في الرماد 
2,لك كلك ذوق حكمه
2,لكل مجتهد نصيب ... من لديه هدف ويثابر عليه حتما بعد امر الله سوف يصل
1,لكن للاسف عنا كلمه معاق في الحياه العامه في الاردن تستخدم للتعبير عن الشخص الغبي علشان هيك انا قلت ذوي الاحتياجات الخاصه افضل
1,لكن هذا البرنامج السخيف الرخيص واضح التمثيل فيه
1,للاسف اصبحنا غرباء في اوطاننا اصبح الوطن وكانه ليس لنا اصبح الوطن ملك خاص لتاجرين والمتنفذين
1,للاسف البعض يعتقد ان المفاعل النووي سيحل مشاكلنا الاقتصاديه ولكن الاردن لا يمتلك موارد ماليه وهذا يعني الحاجه لشريك اجنبي كما اعلنت هيئه الطاقه يملك غالبيه الاسهم كما في تركيا على سبيل المثال وذلك يعني ان هذا الشريك سيمتلك الجزء الاكبر من المفاعل ولن يكون ملك للاردن وبالتالي ستقوم الحكومه ايضا بدفع تكاليف الكهرباء للمستثمر وبالتالي المفاعل النووي لن يوفر لك الكهرباء بسعر قليل
1,للاسف لسا في مدارس بتخلخل عظام الطلاب من البرد عن مدارس قرى الاْردن و المناطق الشعبيه عّم بحكي
1,للبرنامج التافه الي يسمح لهذا الشي
1,لله يحرق قلبك يبشار
2,للهم اعنا على ادراك هذا المعنى العظيم يا رب
2,للهم املا قلبي بحبك وحب نبيك وحب كل عمل يقربني الي حبك
1,للهم خذهم اخد عزيز مقتدر فانهم لا يرحموا الضعفاء اللهم سلط عليهم عذابك فانهم ارونا الويلات
1,للي مفكرين المفاعل راح يطورهم المفاعل راح يدمر الاردن المنطقه اللي حولها لان الفساد الموجود بالاردن مش موجود بدوله اخرى هذا يعني ان الفاسدين رايحين يسمسروا يلهفوا لما يوصلوا اشكل مفاعل للاردن ناسين ان المفاعل يحتاج الى بحر ماء للتبريد نحن لانملك ماء للشرب ناسين ان التطور يكون بمشاركه الجميع ليس بقرار فردي ناسين ان الذي اقر المفاعل هو المحتكر الاول هيئه الطاقه ان شاغرها بقي معلق اثناء فتره تسلم طوقان وزاره التربيه والتعليم لدول المتقدمه بدات تبحث عن بدائل للمفاعلات نحن بنشتري الخربان منهم مشان التقدم بلدنا بفضل الله لديها طاقه الرياح طاقه الشمس لماذا لا يتم استغلالها بدل المفاعل النووي طالما اكلنا معظمه فاسد غير صالح بسبب الجشع الطمع الفساد
1,لما اجد فيها الا الجراح
1,لما تكثر عليا الالتزامات يصير كل اللي نفسي اسويه استلقي على ظهري واسولف للسماء
2,لن تموت نفس حتى تستكمل رزقها اجلها
2,لن يقفل باب مدينتنا فانا ذاهبه لاصلي سادق على الابواب و سافتحها الابواب و ستغسل يا نهر الاردن وجهي بمياه قدسيه و ستمحو يا نهر الاردن اثار القدم الهمجيه
1,لنفترض جدلا ان لا اضرار صحيه بيئيه سينتج عن بناء مفاعلات نوويه سلميه دعونا نفكر في الكلفه من حيث اولا: كلفه بناء عاليه جدا لعدم امتلاكنا لهذه التكنولوجيا على شكل ديون تثفل كاهل العشر اجيال القادمه  ثانيا: لنفس السبب سنستورد خبراء للتشغيل لسنوات طويله مما يزيد كلفه الطاقه ليس العكس ناهيك عن حصول اي اخطاء مفترضه مستقبلا ثالثا: اين هو المكان البعيد عن المدن في الاردن واين مصدر المياه الكافيه للتبريد رابعا:من حق المواطنين اصحاب القرار الحصول على تقرير منشور للاثر البيئي مسبقا بنفس الوقت نستطيع الحصول على نفس كميه الطاقه من الصخر الزيتي الذي نمتلك منه احتياطي هائل من الغاز الطبيعي المؤمل مستقبلا من الطاقه الشمسيه من طاقه الرياح بكلف نسبيا اقل بكثير من النووي دون اعباء ديون اضافيه
1,لهل درجه في متخلفين في الوطن العربي؟؟؟؟؟؟
1,لهم صارو يبيعو يشترو في البلد متل ما بدهم
2,لو اغلقت الابواب في وجهك واظلمت الدنيا  خنقتك الدموع و ضاقت بك الارض استحضر معنى اسم الله الفتاح القادر سبحانه قادر على فتح ما انغلق من امرك
1,لو حد يا جماعه يعرف طبيب اذن يدلني ولا شكلي هارميهم خلاص باظو
1,لو سمحت لا تقول اخبار مغلوطه ولا ابعطيك انفولو جيب رابط الخبر وبلاش تصرف من راسك
1,لو طلعتي من الاردن وين تروحي
1,لو كاكا بالبرازيل كنت اعطيط لايك بس هيك فشر
2,لو كان للحب رائحه .. لكانت رائحه القهوه في يوم ممطر
2,لو نريد الخشوع حقا نطلق الدنيا
1,لو يبطلو سرقه بهالخزينه الله الشعب ليعيش لكو ارحمونا حرام عليكم
2,لو يدرس في جامعات مصر او الاردن يعرف الدراسه والعلم الحقيقي وهناك اللي يقدرون نسبته وتفوقه
1,لو يطلع عليهم  بفضحو عرضهم كلهم
1,لوين ندكم توصلونا الله هموم المصاريف قتلت الصغير قبل الكبير الله ياخذ حقنا منكم لا يباركلكم
1,لى جماعه الاخوان الخسيسه كيف بدكو الوطن يتصلح وانتو قسمتوه لفريقيين كل واحد منكم اخدنا لمطرح ومش عارفين واصليين لوين
1,ليت بعض الذكريات ينعمل لها فورمات 
2,ليت كل ايام السنه رمضان
2,ليتنا نستطيع الابتسامه في الاوقات المؤلمه
1,ليس هناك شخص معاق بل هناك مجتمع يعيق
1,ليش الطلاب فاضين يعملو مشاكل فاضين للدراسه يعني ما عندهم وقت فراغ للمشاكل
1,ليش تتضحكو مش حلو
1,ليش ما نتعلم من الي صار في اليابان  وروسيا  المانيا الغت نظرتها في بناء مفاعلات نوويه استخدام الطاقه البديله
1,ليش محشورين على بعض كذا خلصت الطاولات مالقو الا الطاوله الخايسه
1,ليش معصب يا عدوله
1,ليش هيك معجبين على الاردني
1,ليش يعني اخترت انه مصيره في فتح يا تافه وفي المؤتمر السادس كمان يا ابن الكلب
1,ما اثقل دمك ما اغباك
2,ما اجمل الاخاء
2,ما اجمل الحياه برضى الله
2,ما اجمل الصبر الاصرار
2,ما اجمل الكلام والاروع ان نطبقه
2,ما اجمل الوفاء
2,ما اجمل ديننا الاسلامي
1,ما اجمل من مثل هذا الحُب الصادق الشفا
2,ما احسنهم الله يكون معهم
1,ما احقر الاصدقاء حينما يصبحون غرباء فجاه
2,ما احلى الوجود بقرب الله
2,ما ارحمك يا ربى بخلقك سبحانك يا حبيبى يا الله
2,ما اروع برنامج الطريق الى الله
2,ما اروعهم
1,ما ازنخ منك الى هاي اللينكات اللي بتسم البدن بتتعب يعني لما توخد الصوره وتنزلها تنزيل عادي
1,ما ازنخك انت مقالاتك
1,ما اسخفك
2,ما اضيق العيش لولا فسحه الامل  الحمد لله
1,ما اقسى غربه الروح
2,ما الزه شكله بشهي بدييييي
1,ما انا شطبت
1,ما بتحبو حد
1,ما بدي غير 10 يعملو لايك للبيج
1,"ما بقى للسحيجه اشي يسترزقوا منه ،فضائح شركه الولاء وموارد والفوسفات والفساد عادت الى الواجهه ."
1,ما بكره حد قدك
1,ما حد بيتحكم فيي
2,ما سال لله الهادي الخالق
2,ما شاء الله ... ونعم التعليم في الاردن .... ابدعوا الشباب !!!
1,ما شاء الله العطله ماثر عليكوا كتير صبايا الكل بحكي حبيبتي وحبي وبلمدرسه كل واحد بكشر من جهه
2,ما شاء الله الله يثبتك
2,ما شاء الله جميله جدا
2,ما شاء الله على هلتفائل الي عنده
1,ما شاء الله والله انها امر متل الكرتون
1,ما عندهم هو قله احترام للمشتركين وفله ادب تجاه المشاهدين
2,ما في احلى من التفائل الواحد بعيش مرتاح
2,ما في احلى من الفرح
2,ما في احلى من انه الواحد يوكل وينام
1,ما في داعي لمصايب جديده للبشر وللبيئه
2,ما فيها شك
1,ما هيك بيقولوا للاسف ما عجبت حدا انت جاهل يا هذا ليس هكذا تدعو الناس لقول لا اله الا الله محمد رسول الله انت غبي يا صاحبل هذا البوست لا تفقه شيئا من العلم الدين انت هيك تبين انك في قمه الجهل العار قل كلاما جيدا محببا لا تتلفظ بالكلام السيئ انما تعجبنا كلنا لو قلت انطقوا بالشهادتين يا اولي الالباب
1,ما يستحون هم جايين لو انا منهم اروح اقشر بصل
1,مابتحكي معه هيك انزلع لاعاد اشووفك جلطتني
1,مات في القريه قردا فاسترحنا من اذاه خلف الملعون عجوزا فاق في الخرف اباه
2,ماجمل الحب الاخوه في الله ان نخاف على بعضنا حتى في علاقتنا مع ربنا شئ رائع جدا
2,ماخاب من دعا الى الله
2,ماشاء الله عليكم بجد موضوع مهم جدا والاهم الرقي الرائع في الحوار
1,ماشي هسا انا صرت وله طيب في حدا بيشبهك كتتير
1,ماعندك شرف
2,مافى اجمل من قوله يارب ومن يتجه الى الله عز وجل لن يتركه الله ابدا
2,ماكرمك يا ربي يا كريم
1,ماكل روح الخل
1,مالك دين مثل الكلاب الضاله الا اقولك مثل مومسات عاهرات المراقص عندكن
1,مالكيش حظ فـي اصحابك ولا اهلك
1,مالكيش ف الطيب نصيب
1,مايستحون
2,مبارك الفوز
1,مبرد وجوهكم
1,مت عليهم حيطه هالانذال اصحاب الاجندات الخاصه الخارجيه العميله
2,متخافش يامؤمن قول يارب وحب ربك ده هو اللى خلق النعمه اللى انت متعلق بيها يعنى هو اعظم من النعمه دى وانت عارف كده
1,متسمم فكره الولد وصارت حالته صعبه يا حنين انت
1,متفقين معهم البرنامج خايس
1,متهور وكذاب
1,متى رح نشوف صحفيين يكشفوا فضائح الفساد وما يخافوا من اي جهه
1,متى يجي عام 2050 عشان ادخل رجلي مع الشاشه واحطها بفمك
2,مثال جميل جدا عبره لكل من يحمل رساله الاسلام
2,مثل الاميره من حواليها حرس تمشي دلع و من الترف متعاليه ما كل خيال يروض له فرس مهره اصيله من حلاها غاليه
1,مجانين احد يضحك عليك وانتم قدامه وتكمل
1,مجانين العرب
1,مجنون صوتها انا
1,محششين خخخخ
2,محظوظه هي تلك الفتاه التي سانقل ملابسي من غساله امي الى غسالتها
1,مخالفات السير اصبحت تشكل عبئ اقتصادي على المواطن 
1,مرره دلوع
1,مزعج الي كثييير
1,مساكين ها البشر
1,مستحيل اثق بذوق حدا ما بحب يسمع لام كلثوم
1,مسخره والله
1,مسوي انه مندهش
1,مش النووي ان صار وما اظنش اسرائيل تسمح باقامته بهالسهوله هو اللي بيعني انو نحن متطورين او متقدمين
1,مش باين منيح ليش عم تكذبو
1,مش شايف العالم مش ملاقيه الخبز كل واحد بشتغل على سياره رح يوكل هوا بارتفاع المحروقات الاكل الشرب رح يرتفع
1,مش طبيعي سماكه الدم شو ها عدوله خرب المفطع لشو المبالغه والاوفر يعني
1,مش عاجبو الوضع الي هو فيه
1,مش عارف كيف الناس بتحبك يا زلمه؟
1,مش عارف كيف اهلهم سمحولهم يقدمو في البرنامج هادول شغل بطون
2,مش عارف ليه بيتحوله هما الى دواره عليك وكان نفسهم تكون معاهم فى الاول
1,مش فاهم عليك لانك صاير غير مفهوم
1,مش في محلوا
1,مش من بني ادم انتي من جنس الحيوانات
1,مشان الله حد يعمله هوشه بدنا نعطللنا شوي
1,مشاهد وسخه
2,مشتاقه لك شوق ماحسه الناس شوق يغطي معاليق الروح بضمي ترف دلع لهفه مشاعر واحساس ماابي غيرك ولاغيرك تراه همي
2,مطلوب نصيحه منك لكي نستحضر الخشوع
1,مع مرور والوقت  وزياده الالتزامات والمسؤوليات قد تنسى ما كنت تستمع
1,مع مين بتحكي بتول انشالله مع حالك
1,معايا زميل زميل يلعن المسخره كلهم مايستحون ذووولي
1,معتيه واضح انهم يمثلون
1,معظم اصحاب محطات الوقود وكالات الغاز متنفذين لقد زاد الغني غنى الفقير فقر
2,معك حق
2,معلم في حقيقه عمله هو مدرب يدرب طلاب على اكتساب المعرفه لا مجرد تلقيها
2,معلومه ممتازه
2,مفيش اجمل من ان الانسان يحافظ على كرامته
2,مفيش اكرم ولا ارحم من ربنا
1,مقاسك غير مناسب يا شريف مع نفسك
2,مقال رائع والله يهدي البنات يارب ويرجعهم للصواب
1,مقرف جدا هذا الشخص
1,ملاحظه الكبسه ما بتكهرب والله
1,ملحمه بالجامعه الاردنيه
1,ملعوب عليهم
1,ممرضه هايجه تمارس الجنس مع المريض
2,ممكن يكون احسن بالاخلاص
1,من اجل هذا تم قدوم ?? الف من الجيش الامريكي
2,من احبه الله حبب به خلقه
2,من اسرار النجاح المتواصل والثبات على القمه: العمل الدؤوب والانضباط بالمواعيد والاعمال والتفكير الايجابي
1,من المدرب مرورا بالمدافعين والوسط الى المهاجمين كلهم كانوا في اسوء حالاتهم
1,من الي ضاحك عليهم انو اصواتهم حلوه
1,"من اهم مشاكل التعليم الجامعي في الجامعات الرسميه الاردن، مشكله الاعداد حيث ان كل جامعه متجاوزه السقف الاستيعابي لها بالاف الطلاب"
1,من اين لنا المياه لتبريد المفاعل النووي فهو يحتاج الى نصف مليون مترا مكعبا من المياه لتبريده سنويا على الاقل والقاصي والداني يعرف اننا في بلد يعاني من شحه المياه اما كعلوم معرفه بالعلوم النوويه الطاقه فانا احب ان يتعلمها المتعلمين في بلادنا بدءا من جدول مندلييف للعناصر مرورا العناصر المشعه نظريه اينشتاين للطاقه نظريات الفيزياء الكميه البحث في عمر البروتون النيوترينو والكواركات واللبتونات وال  النظائر المشعه تفتيت الذره اشعه جاما بيتا الفا الراديوم البلوتونيوم البروتونات كافه النظريات بما فيها انواع المفاعلات النوويه تجارب الامم فيها مثل اليابان المانيا روسيا فرنسا امريكا للعلم فقط انها علوم نظريا سهله بسيطه يستطيع فهمها حتى الانسان ذو الخلفيه الرغبه العلميه على جميع او على الاقل جزء من علمائنا ان يقرروا المسار الذي يجب ان نسلكه نسير فيه بهذا الخصوص بموازنه المخاطر المكاسب بعدها على اساس النتيجه الفائده الواضحه يتم الاعتماد لقرارهم ان كان سلبا ام ايجابا
2,من بغضه رب العالمين لن يحبه احد
2,من ترك شيئا لله عوضه الله خيرا منه
2,من ترك شيئا لله عوضه الله نورا وايمانا في قلبه
2,من توكل على الله يعانق قلبه النور الصفاء
1,من جد سوبر ابقار
1,من جد مجنون
2,من جد وجد و من سار على الدرب حصد
2,من دون التفاؤل ما في حياه
2,من رافق وافق
1,من زمان ما شفت مخلوقات فضائيه 
1,من ضحك عليك وحكالك صوتك حلو
1,من قلت الذوق هذه الافعال
2,من كانت له عزيمه لن يياس ومن بغي الاجر من الله ثابر  حياكم الله اخي مؤمن
1,من وين انجيب حرام عليكم
2,من يتقي الله يجعل له مخرجا
2,من يتوكل على الله فهو حسبه
1,من يستمتع برؤيه الناس في مواقف محرجه فهو سادي غير اصيل نفسه ضعيفه مريضه
1,من يوم شفتك حاطه صورتك غسلت يدي منك
1,منكو لله نحن لاقيين حق الخبز لحتى ترفعو البنزين صار الواحد يحب يخلص دراسه عشان ما يضل بلاردن لانو ما فيها اشي لا رواتب لا اشي جد بلد مش فقير بس كلو بوكل كلوالله ما بنلوم الحراميه هيك بلد
1,منيك ولك
1,مهزله التاريخ
1,مهزله ياعيب الشووم
1,مهو اصلا زي مشروع الباص السريع يلي استملكو عشانه شارع المحطه كامل ليسه بنسمع عنو ما شفنا
1,مهيه خربانه ان شاء الله يعملو مفاعل قرد بطلت تفرق
2,موضوع اكتر من رائع
1,مؤامره معروفه ضد الشرفاء في هذا البلد
1,مياعه وسئاله من عدوله والي معو
1,مين اللي ضاحك عليهم وقايل ان اصواتهم حلوه
1,مين بشار العاهه هاد الي بهدد  اي عند الجد والله للنساء والبنات تتطلعن قبل الرجال في هالحاله ونلعن ابو الساعه اللي طلعت بشار وغيره شو هالحكي  الاردن قوي بجيشه وقائده فعلا هززلت قال سوريا قال ولا النعامه او رقبه عاليه بدهها قص
1,مين معو دوا للصراصير جد لازمهم رش مبيد حشري للقضاء على هيك حالات متخلفه
1,مين هاي الي بصوره وئدامها كورس
1,ن مقابله جلاله الملك عبدالله مع قناه سي بي اس الاميركيه . يؤرقني تامين فرص الحياه الكريمه لشباب الاردن و لن نسمح للارهاب بالعبث في الاردن
1,نادرا ما بتصير لو انه الشعب بتطور وبيتعلم مع الوقت
1,نار جهنم تاخدو
1,ناس تبي تتمصخر ماتدري شلون
2,ناس عزيزه المعزه لهم غير فيهم صفات الصالحين العليه
1,ناس مطفره من الاخر
1,ناقص و كذاب وما في مصداقيه
1,نت عايش خارج البلد عموما ان كان نقاشك فرد عضلات مافيه داعي اكمل حواري معك 
1,نتفق معك في ان الرجال يعرفون بالحق ولا يعرف الحق بالرجال
2,نجدد قلبنا بالايمان مع بعض
1,نحن بنتهاوش مع الكتب
1,نحن في الاردن نشاطر اخواننا في السعوديه احزانهم بوفاه الامير  سعود الفيصل وزير الخارجيه السعودي السابق انا لله وانا اليه راجعون
1,نحن في زمن يهان فيه المرء ويكرم فيه الكلب
1,نحن ما بدنا اياه لانا ما منفهم المفاعل النووي فوق طاقتنا صعب علينا بكره بذكركم سالوا الباص السريع الثقه معدومه القمح فاسد المصفاه مش حسب المواصفات الخضار الفواكه مواد كيماويه شوارع مش مصانه حفر مطبات الخ الافضل استغلال الطاقه الشمسيه او الريح او الماء ليس هروب من التطور انما الابتعاد عن الفشل الاكيد عبر التجارب
2,نحن نحبك في الله ندعو لك بظهر الغيب
1,نحن نرفض المفاعل النووي
2,نرجو من الله ان يتقبل صلاتنا رغم ما تمر به بلدنا من ازمه صار الواحد خايف على نفسه مستعجل بصلاته انا كلما صليت اعتبرها صلاه مودع فيخشع قلبي تدمع عيناي
2,نسال الله العفو العافيه
2,نسال الله تعالى ان تكون بحق ارحنا بها يا بلال ليس ارحنا منه
2,نسعى بكل همه وجهد للحصول على مصادر طاقه رخيصه تعزز من اقتصاد الاردن كون الطاقه تشكل ربع موازنه الدوله
2,نسمات انتعاش الفجر رحمات يظفر بها اهل النور التام الذين توسعت صدورهم بانشراح جماعه الفجر حيويه صبح يتنفس منتشيا مرحبا بكل مبادر للخير
1,نسيانك صعب اكيد
1,نشاطر اخوتنا في الاردن احزانهم على الاغتيال الوحشي للطيار  معاذ_الكساسبه داعين الله ان يكون من الشهداء و ان يسكنه فسيح جناته 
1,"نظام اقتصاد الاردن فقط لا يتبع اي نظام اقتصادي موضوع، لا اشتراكي ولا راسمالي ولا اسلامي ولا مختلط."
2,نعم احسنت واجبه على كل مسلم وحق لكل مسلم فتح الله عليكم
1,نعم اردنا غير قابل للتلاعب بارواح ابناءه
2,نعم الاخ و الصديق اخلاقك تدرس
2,نعم الاخ وما اطيب قلبه
2,نعم الصديق الوفى
2,"نعم الله علي اكثر من ان احصيها الهدايه ، الصحه، سلامهالقلب، ذكاء العقل، صفاء المشاعر ، سلامهالحواس، حفظ الاحباب اللهم لك الحمد"
2,نعم الوقت يمر بسرعه
2,نعم فى البدايه كلهم اروع من الروعه
2,نعم لنجعل حب الله هو الغايه وربنا يسامح كل تائب
1,نعم مصر عايزه راجل مش واحد وسخ بيقرف
2,نعم والحمد لله
2,نفسي اروح عمره واشوف الكعبه
1,نفسي افهم من وين جاي يا ابن الكلب
1,نفسي يوم اكل وانا مش مستعجله
2,نفع الله بك يا دكتور
1,نقطه النهايه وداعا
1,نهارك اسود
2,نهارك طيب مبروك
1,نهايه مواطن طفران
1,نيله تنيلكم من وين جايبين هالحثانه
1,هات ناس تفهم والمثل بحكي اسال مجرب ولا تسال خبيير
1,هاد برنامج وسوبر ستار بنامج شوف البريطان شو بعملو فعلن سوبر الهبل
1,هاد كلو كزب ياهبله والله
2,هادي الاخوه الصادقه
1,هاض بعرفو بس مقرف
1,هاض بني ادم حقير
2,هاكدا هو دين المحبه الصحيح بس للاسف الكثيرين يتبنوه حسب ما يشتهون
1,هالانسان مجنون لابس بدله رياضه وجاي يغني حتى لو صوتك زين اللبس عدل
2,هاي اخلاق خليلنا الحبيب
1,هاي نتيجه انه ينحط انسان في موقع مسؤوليه
1,هدا ماهو عقل هدا تخلوف
2,هذا الشخص هو انت يامصطفى
1,هذا اللى فالحين فيه العرب فقط الهبل التخلف
1,هذا اللي انت فالح فيه بس كيف تختار ضحاياك بالسرق جعل العاهه تصيبك ولاعاد تطيب منها ياولد الحرام
1,هذا اللي بالنص من لجنه الحكم مفكر نفسو وديع الصافي هو شقفه علاك
1,هذا انا واغني وانا بالحمام وانتوا بكرامه صوتي احلا من العاهات هذيل
1,هذا تشهير ملعون والدين المفروض ما يعرضونه
2,هذا سلامي يسبق البرق الطير فيه الحروف معطره بالتحيه
1,هذا صدق ولا مجنون ولا يستهبل وش القصه
1,هذا عدا عن عنصريتكم البغيضه وجلافتكم وعنجهيتكم الفارغه مع بقيه الشعوب
1,هذا لا يعني خلوها من الاشكال المصديه
1,هذا ليس مضحك بل مخزى يا للخزى العار
1,هذا معوق جنه جورج وسوف
2,هذا هو الحب الاصيل الوفي بكل معنى الوفاء
2,هذا هو الدين
2,هذا هو المهم
1,هذا واحد واطي ميمثل غير نفسه 
1,هذه البرامج اللي تخلف العاهات للفن الهابط فن اليومين هذا
2,هذه جزاء كل من يتطاول على رجال هذه الوطن العزيز
1,هذه رويدا عطيه يا الخبوول
1,هذه مشكله الذي يغني كثيرا في الحمام ويتصور انه اصبح مطرب
2,هذه من اقوال الرفيق المناضل
1,هذول مجانين اكيد ما بوافق مش هبله انا
1,هذول مخانيث
1,هذول مساجين ولا ايش
1,هع بدها بس تعلق التعليقات الزنخه
1,هع مش حلو
2,هكذا المسلمون
1,هل الثقه بالمشتركين الزياده لدرجه العمى او ان محيطهم يجاملهم بجمال صوتهم
2,هل تعلم ان المطر يتشكل اولا على هيئه بلورات ثلج داخل الغيوم يتحول الى قطرات ماء بعد ذوبانه هو في طريقه الى اليابسه
1,هل كلها صالحه للاستعمال ولا من اول استخدام تنفجر
1,هلا كففت عن قسوتك
1,هم اللي مصخرو انفسهم
1,هما بس الى بيسعوا للغناء ده طبعا غير الاشتغالات والافلام الهندى الى نحن شفنها
1,هنا نجد اصحاب السوء يحضرون بقوه لان ها هولاء لم يحظروالى بعد تشجيع من اناس حولهم
1,هههه انا من ناحيتي هاظ الانسان الي قاعد بلنص اقرف واحد
1,هو بن وسخه ادمان وبالذات لو متابع اخبار وحاجات يوميه
2,هو رحيم بكل شىء في الكون هو الخالق فلابد ان يرزق مخلوقاته
1,هو فى حد اساسا لسه بيتابع البت دي هاي عنجد بتقرف
1,هو نحن خلينا نخلص ام هالبرجين الللي صرلهم 16 سنه بعدين بنفكر نعمل نووي سلمي من الديسي
1,هو هذا اسلامك يا زاني
1,هؤلاء معوقين
1,هي عندها صوت قوي بس للاسف الحين مثل غيرها
1,هي فلسطين راحت من قليل يا ولاد المخنثه لعنه الله عليكم فظحتونا
1,هيك بدهم الخونه اتباع ايران الاخوان المفسدون
1,و اذا فادنا بشي رح يكون في خساره كبيره بالاخر
1,و الناس يدرون شو بقول عنهم في نفسي وهم يتكلمون ما يكلمني حدا نهائي
1,و الى اسماء الاسد كـــس اخـــت زوجـــك :
2,و بحب الناس الرايقه الي بتضحك على طول
2,و تربت على كتوفنا تشحننا بالتفاؤل ايضا صباحك اسعد
2,و ما من دابه في الارض لا طائر يطير بجناحيه الا على الله رزقه
2,و مفيش احلى من قضاء ربنا
2,و نرجو لك دوام الخير المحبه من الله من الناس
1,و هكذا جنت على نفسها براقش
2,و يرزقكم من حيث لا تعلمون
1,واثق من نفسه الحبيب
1,واحد هامل
1,واحد واطي
1,وادم علينا يارب نعمه الامن والامان وسائر بلاد المسلمين
2,واذكر ربك اذا نسيت وقل عسى ان يهدينى ربى لاقرب من هذا رشدا
2,واسال الله من اثواب رحمته سترا جميلا على الزلات مشتملا وان ييسر لي سعيا اكون به مستبشرا جذلا لا باسرا وجلا *
1,واضح جدا ان اغلب الناس هاي عندها مشاكل نفسيه
1,واطي وماجور وسافل ومنحط وكريه وغبي وسطحي وحقو قرش مصدي وبيسوى صرمايه
2,واعظمها امه سيدنا محمد
2,والحاجه الي انت بتحبها دي هي مش اكتر من حاجه زينها الشيطان واقنعك بحلاوتها بس هتندم بعدين
1,والشرهه على الاغبياء اللي معطينك لايك
2,والشكرلله والفضل لله على هذه النعمه التي انعم الله علينا بها وجعلنا من الماء كل شي حي
1,والغناء تجد لك ??? مليون وكلهم زباله
1,والله احلا شيء انه الواحد يهاجر او يشتغل حرامي عشان يقدر يعيش الله لا يوفق الي كان السبب الله حرام
1,والله الحياه كلها بتخزي بدونكم
2,والله الرساله دي جاتلي في وقتها قولت اكيد ربنا بعتهالي الحمد لله وخات القرار
1,والله الناس دي ما شايله هم ابدا علشان كده مسخرو نفسهم او كرامتهم راحت
2,والله الواحد بيدعي كثيرا ان ربنا يجعلنا في طريق مستقيم
1,والله انا خايف انو طخوا بعد هاي الصوره
1,والله انك فشلت العرب
1,والله انك ما زليه يا شيخ اكيد مدفوعله من تحت تحت
1,والله انك مسخره يا عجوز
1,والله انك مهزله
1,والله انكو ما بتخافوالله
1,والله انو مكب نفايات نوويه انا اشتغلت بالمفاعل موقعه بعلان بالسلط
1,والله انو نذل
1,والله اول واحد سمعته منهم احسب سماعتي خربا يا بطني من الضحك والله زاحفين
1,والله ايلى اختشه ماتوا
2,والله بذل نفسي مره اثنين خمسين عشان الغرام الحلال احلى لكن مين يحس يفهم يقدر
1,والله تحشيش من الاخر
2,والله ثقف نفسك ده بيقول كلام زى الفل
1,والله حرام الناس مش لاقيه توكل حتى ترفعو البنزين
1,والله حرام تكاليف زواج ومهر واخرتها طلاق بسبب شي تافهه
1,والله حرام والله موتوه لشعب الاردني من وين بدنا نجيب الكو من وين يا الله ارحمو من في الارض يرحمكم من في السماء الله حرام
1,والله حرام يعني ما يدرون انهم مصخره
1,والله حرق لاخوات الكلب
2,والله رفعتوا راسنا يا شباب الله يقويكم
1,والله شككني في البرنامج انه سوبر ستار او برنامج كوميدي
1,والله شوي وتجيني جلطه لما ماطلعت الاولى ذيك المره
1,والله شويه عبط الي بيغنو والحكام كمان
1,والله ظلموه لجنه الطراطير
1,والله عاهات
1,والله على بالي مجنون
1,والله عيب بهدلتو حالكم
2,والله قررات من دلواتى يا مصطفى بس انا عاز رايك فى حاجات كتير
1,والله كذب من سوبر ستار القذر هذا
1,والله لو انه فايز بعرب ايدول او من هل برامج الفارطه غير تلاقي اضعاف هذا العدد ياعمي شعب بحب السح اندح
1,والله لو طلبوا مين اللي عندو قلب قوي ??? متر للجري مايتقدم ولا حمار عربي
1,والله لو يجمعونهم على شاطئ البحر الميت ويخلونهم يصرخون على اليهود ولمده 30 ثانيه ليهربون لقبرص عن طريق البحر سباحه
1,والله ما في اشي مزعلني الا انه اسمه محمد
1,والله ما يحرر عزبت بنقاليه
1,والله مش طبيعي حرام الله غير تنتشر السرقه النهب خرب الامان النشور
1,والله مش عارفه شو بدنا نسوي نشحد مثلا
1,والله نحن مو ناقصنا وجع قلب بس ضايل علينا النووي و صحه البشر مش برضو خطيه المسؤولين ? خلص ما عاد في شي فارق والله عحب
2,والله نفسى بس الواحد بيجى عليه فترات ينسى يعمل ايه بجد
1,والله نوفي صح لسانك
1,والله هبل في هبل
2,والله هذا الى حصل معانا ومع ناس كثيره بدل حب الحرام بحب الحلال يبدل الله كيانك
1,والمصحف عاهات
2,والنعم والاخلاق والنعم والصداقه والنعم الاخوه
2,وان مدحتك بالقصائد ماوفيت
1,وانا 100% بس شكلها هاي مو مدرسه
1,وانا مع انو الطاقه الشمسيه هي البديل
2,وانا من الناس اللي فعلا محتاجين يحاسبوا نفسهم ويصلحو من نفسهم لاننا عارفين انه لا ملجا لنا الا لله
1,وانت اسكت لا تتحطم
1,واي ناس فاظيين صج عاهات
1,وبعدين تري مالقت دعم
1,وبكل تبلد اعترف لكم  باني اقل نساء الارض صبرا
1,وجعتو راسي
2,وجعلنا من الماء كل شيء حي
1,وجه الفطيره قبل تعيب الناس انظر الى حالك
2,وجه حسن وضحكه تفتح النفس وعيون خلابه
1,وجهك مش الك
1,ودي اكسر الابتوب على راسه
1,وذلك ليذوقوا ايران وسوريا وشيعتهم وبال امرهم
1,وربي عاهات مستعصيه
1,وربي كلبتي جات جلست عندي اول ما فتحت هالفيديو ويوم خلص التفت لها الا والاقيها نايمه
1,وزير التعليم العالي: لا زياده للدعم المالي للجامعات خلال السنوات الثلاث المقبله
1,وسبب برفعه ضغطك
1,وسدئيني انكووو كلاب
1,وش التخلف هذا
1,وش جابني هنا ثقيلين دم
1,وش فيك معصب خلاص بعطيك اللايك الي جاني خخخ
1,وش هالتحف والله مساكين ماكلين مقلب بقوه
1,وش يحسون فيه يع
1,وش يحسووون فيه ناس مهبل
2,"وعجلت اليك ربي لترضي : كن كالمطر، اذا اقبل استبشر الناس به واذا حط نفعهم ، واذا رحل ترك اثرا نافعا فيهم واذا غاب اشتاقوا اليه ."
1,وعرض اختي انك لاسع يادمن عساس لو بدها تضرب من هسه خايفه منك
2,وعلي الله قصد السبيل
1,وقّـف قلبو لحسن الشافعي
1,وقعنا ولا ما وقعنا يللي بدهم يعملوه بيعملوه
1,ولا انا صورتي كذا اجي اهبال هوو
1,ولا بقلو بيضه
2,ولا تنسو تبسمك في وجه اخيك صدقه
1,ولا جورج في الزمنات بس حرام يفضحوهم
1,ولا خير في امرٍ كرهت ان يطّلع عليه الناس
1,ولا شكل ولا صوت منين جايبينهم هالكائنات الغريبه اه يا بطني بس
1,ولا مستحيل يطلع واحد يفشل نفسه كذا
1,ولاه امرك الوهابيين يكرعون الخمر والسديقي كرعا بالسر والعلن دون تطبيق الحدود عليهم
1,ولك تفيييه عليك
1,ولك واحد كندره
1,ولكن كيف ان المفاعل النووي غير مضر بالبيئه فهمني ؟؟
1,ولكوم ما نحن ميتين من دون هالوسطه
1,ولو هو انسان وعنده احاسيس ممكن من هالموقف اللي الكل يشوفه يتعقد هالانسان من حياته كلها
2,وماذا عن التفاؤل في يوم ربيعي جميل نحقق به الامال الطوال
2,ومن احسن قولاممن دعالي وعمل صالحاووقال انني من المسلمين 
1,ومن خسئ الشيعه اخوان القرده الخنازير
2,ومن منطلق المسؤوليه التاريخيه للهاشميين تجاه المقدسات ياتي اهتمام الهاشميين بالقدس ومقدساتها
2,ونشوف اغلى الاحبه في الروضه الرحيبه
2,ونعم بالله العلي العظيم ونعم بالله عزوجل
2,ونعم بالله من اختار قرب الله فما خاب ابدا الله على دى راحه وده شعور الحمد لل
1,وهابي تاج راسك يا اللي تاكل من وراك اذا في الوهابيه شئ مخالف لكتاب الله سنه نبيه اذكره لا تكون كالببغاء تردد خلف الناعقين لتثبت انك على الصراط انت في هوه الخراب طنت من طنوت سوريا
1,وهابي عفن ومكبوت تفكيرك محصور بين فخذيك فقط لاغير الجنه اللتي ستدخلها انت لا اريد دخولها  جهنم اشرفلي واهون علي من ان اكون مع احد الوهابين المنحطين لواطيي الاطفال
1,وهاد اللي بخبص حكي ملوش معنا ابن مين هاد
1,وهاي المضروبه جايخه على وين
2,وهذه من اكبر المشاكل التي تؤرق الشباب في هذه الايام
2,وياريت بتظبط الكذب ماوش رجلي
1,ويحطمو رؤوسهم بارجلهم
1,وين القناه التافه الى تعرض هذول المعاتيه صحيح نحن في انحطاط
1,وين الماء كل يوم الميه مقطوعه
1,وين بدهم يروحو يعني خالصه
1,يا اخوان انتبهوا الى انه اكثر المشتركين المايعين من لبنان او سوريا وهذا حالهم لان تركوا مله الاسلام وتبعوا الميوع مع الشيطان
1,يا اخوان نحن قرفنا
1,يا اخي اطلع في صورتك بالمرايه وشوف ادائك هوه اداء فني+صوت مناسب قبل لا تفضح حالك في هيك برامج تافهه
1,يا اخي وين ما تروح بالاردن تخطى مناطق الشخصيات المهمه بالبلد الباقي كله مكرهه صحيه
2,يا ارحم الراحمين يا الله
2,يا الله ارحم عبدك الفقير المسكين وجميع المسلمين والمسلمات
2,يا الله استجب دعائي يالله مادكيت بابك يوم ورحعتني خاليه الوفاض
2,يا الله عالمواساه يرحم ايام زمان
2,يا الله كلامك بلسم
2,يا الله ما احلاه من خبر والله فرحتوني
1,يا ترى الحكومه بدها تزيد دعم المواطن الي الله يكون في عونه
1,يا حبيبي هاي صار للرجال تنانير؟ تفي هيك رجاله
1,يا خساره عليكو يا شباب المستقبل
2,يا رب اجعلنا من الصالحين
2,يا رب ارزقنا الفرح والسعاده
2,يا رب اريد تجديد ايماني ساعدني
2,يا رب استجب دعائنا وانصر اهلنا في سوريا
2,يا رب اسعد قلبي و قرب لي الخير
2,يا رب اللهم اجعلنى خير مما يظنون اغفر لى ما لا يعلمون
2,"يا رب ان امسيت بحزن فاصبحني بفرح، و ان نمت على ضيق فايقظني على فرج و ان كنت بحاجه فلا تكلني الا لسواك"
2,يا رب بناتنا شبابنا كلهم يستطيعوا العمل بهذه النصيحه يا ريتا كلنا نتذكر اننا كلنا دعاه للاسلام باخلاقيتنا الصفات الحسنه
2,يا رب خد بيدنا يا جبرنا يا جبار السموات والارض
2,يا رب رضينا امنا صدقنا فارضينا برضاك عنا اجبر كسر قلوبنا هون علينا
2,يا رب قويني علي نفسي يا رب تقبل منا الله
2,يا رب نستغفرك ونتوب اليك يا رب ما لنا سواك
2,يا رب يا خير الرازقين ارزق اهل سوريا جميع المسلمين النصر الثبات التقوى
2,يا رب يكرمنا باولادنا انا دائما بشجع ابني ان يكون كالجبل الذي لا تهزه الرياح العاتيه
1,يا ربي شو هالولد الله مجنون مبيستحييش متاكدين انو مغربي
1,يا ربي هذا مستحيل يكون كائن بشري
2,يا ريت لو يعملوا دورات قبل الزواج
1,يا ريتك ما كبرت
2,يا سلام على الوفاء اللي اتفقد في عصرنا ويا حسرتاه على الحب الذي بات مجرد كلمات
2,يا سلام ما احلى ان يواسي المسلم اخاه هذه هي اخلاق الاسلام 
1,يا سيدي هدول عاهات ولله يعني فيك تسحب عليهم قرض من البنك كونهم عاهات
2,يا طيب صباحك كل خيرات
2,يا طيبه الخير جينا يا طيبه بالروح افتدينا
1,يا ظالم الك يومك
2,يا عطاء يامنان يا اكرم الاكرمين
2,يا عني علي ذكرك شكرك حسن عبادتك
1,يا غبي كوادر الاخوان المسلمين في كل بقعه من هالارض
1,يا فضيحتك يا لبنان بهيك عالم اما هيدا سكت اني ولك دخيل الله خليك ساكت
2,يا لطيف الله يلطف فينا يصلحنا ظاهر باطن
2,يا لله ارحم احبتي و شافيهم وعافيهم واعف عنهم
2,يا مصلح القلوب اصلح احوالنا يا مسهـل يا رب
2,يا مقلب القلوب ثبت قلوبنا على الاسلام
2,يا مقلب القلوب والابصار ثبت قلبى على دينك
2,يا من يرزق النعاب في عشّه هيّء لنا مقادير
2,يا هيك الاكل يا بلا لش الحكي
1,ياجماعه يقولون بشار الاسد مات
1,ياخساره العروبه فيك
1,ياخي برنامج سامج ساذج
2,يارب اجعلنى من الصالحين
2,يارب اجمع امتك علي دينك يارب وشت اعداء الدين
2,يارب احمينا من شرور انفسنا وسىئات اعمالنا
2,يارب اخرجنا من ذل المعصيه الي عز الطاعه
2,يارب ارزق العزيمه لاتخاذ القرار ويا رب اخلفنا خيرا منه
2,يارب اعنا علي ترك المعاصي ماحيينا
2,يارب اعيني علي دكرك وشكرك وحسن عبادتك
2,يارب اغفر لي ذنبي وارزقني حبك هو ربنا ممكن يكره حد لو فضل يكرر ذنبه بعد الاستغفار
2,يارب انت المستعان فاعنا واهدنا يارب الكون اجمع استجب
2,يارب اهدنا وقوى عزيمتا الى ما تحب وترضى
2,يارب اهدي بنات وشباب المسلمين الي ما يرضيك عنهم وكفيهم شر فتن الدنيا والاخره
2,يارب تهدينا الي الصراط المستقيم يارب تقبل منا
2,يارب توب علينا وساعدنا نتوب وبصرنا بعيوبنا لان ساعات كتير بننسه
2,يارب ثبتنا بعد اخذ القرار لان هو ده الاهم الاصعب
2,يارب دعوناك فستجب لنا وحقق لنا ماهو اصلح وافضل لنا
2,يارب ساعدني وقويني وساعدني اخد حبيبي
2,يارب طهر قلوبنا يارب اهدينا للصواب
2,يارب عوضنا خير مما اخذ منا
2,يارب قربني اليك واقترب لي اكثر
2,يارب كرهنى وابعدنى فيما يغضبك
2,يارب ناخذ القرار الصح
2,يارب وانت ادعيلي
2,يارب يتقبل منا والله العقل مو فاضي والقلب مكسور
2,يارب يقدرنا على ادخال المياه النظيفه لكل بيت محتاجه المياه
2,يارب يقوينا جميعا على طاعته وحسن عبادته
2,ياريت حدا عم يواسي السوريين بغربتهن للاسف باب رزق جديد للعرب
1,يازم والله ماعندكم غير الكذب ع الناس
1,"يالا من هون كس امك انت و هو، بلاش قرف و وساخه"
2,يالله ما اروع هائولاء الناس
2,ياي ما ازكى هذا الاكل
1,يتسابقون الى جهنم و باس المصير
2,يجب دائما ان نعتني بالورود لكي تكبر
1,يجب على الحكومه العوده بالتوقيت الى الساعه الثالثه
2,يجب على المسلم ان يواسى اخوه فى الاسلام
2,يجب على كل مسلم الاعتزاز بدينه في جميع الامور صغيرها كبيرها
1,يجب وضع كل من تسول له نفسه مجرد ان يعمل اي تصرف لا يليق بالاردن ان يسجن يسجن شىء مخزي شويه همل زعران يخربوا الجامعات سمعه البلد
1,يجيز ارضاع شرق اسيا كلها لكن قياده المراه للسياره فسق وفجور
1,يخرب الدلع
1,يخرب بيتك ما ازنخك
1,يخسو الشيعه الخنزير
2,يرزق من يشاء بغير حساب
2,يسعد صباحك بذكر الرحمن
1,يشبه رغد مجنونه هيافاء
2,يشم الطيب ويتعطر يا دكتور
1,يضحكون م شاففوا انفسهم لو قلنا غنوا جابوا الععيد فالحين بس في الظرافهه الشيبان
1,يع بتقرف انت وسخ يع شوهاي الوساخه
1,يع حاسه حالي بدي استفرغ
2,يعتبر الترمس من المصادر الطبيعيه لفتح الشهيه وتقويه الاجسام الهزيله؛ لانه غني بالكالسيوم والفوسفور. 
2,يعطيك العافيه
1,يعني الواحد بغلط غلطه بالجامعه بدون ما ياثر عحدا غير حاله بروحوا بمنعوه يدخل كل جامعات الاردن
1,يعني بكل وضوح بدكوا تذلوا الشعب الاردني تخلوه كل شهور يصف طابور عشان يوخدلوا اكمن ليره
1,يعني دوله اللي  من وين جاي كيف وصل عشان تشوفه لجنه التحكيم مبين عليه مجنون مش شايف اشي قدامه
1,"يعني كل جامعات الاردن عندهم نظام، و احنا عنا خرا"
1,يعني لو عايزين يبعوه بلغوني من القرف هاض يع يع يع
1,يعني ما اختار الا الاغنيــه اللي اغلب احرفها الحرف اللي يقرط فيه
1,يعني هيك برامج بتبين للناس وين صرنا كم صارت نسبه التخلف بين شباب امتنا
1,يعني يجبون كم واحد يعطونهم فلوس ويجون يستهبلوا عندهم عشان يحركون البرنامج
1,يلعن ابو التخلف والغباء والبياخه
1,يلعن ابو التفاهه
1,يلعن ابو الي ما بستحي
1,يلعن ابو هل الاشكال بس
1,يلعن اخت المياعه والبياخه
1,يلعن الساعه الي بشرت فيك
1,يلعن ام الازعاج
1,يلعن ام السخافه
1,يلعن شرف خواتك
1,يلعنك نذل وكلب
2,يمتاز الاردن بتنوع السياحه فيه فتنقسم السياحه الى  سياحه علاجيه   سياحه دينيه   سياحه معارض   سياحه اثار
2,ينور عليك ويكثر من امثالك
2,يهدي الله من يشاء
